EXAR,1985,Technology,Semiconductors
KBH,1986,Capital Goods,Homebuilding
WTS,1986,Capital Goods,Metal Fabrications
BPL,1986,Energy,Natural Gas Distribution
MKL,1986,Finance,Property-Casualty Insurers
ORCL,1986,Technology,Computer Software: Prepackaged Software
CCL,1987,Consumer Services,Marine Transportation
FUN,1987,Consumer Services,Services-Misc. Amusement & Recreation
TIF,1987,Consumer Services,Consumer Specialties
MBI,1987,Finance,Property-Casualty Insurers
CBM,1987,Health Care,Major Pharmaceuticals
MNI,1988,Consumer Services,Newspapers/Magazines
BID,1988,Miscellaneous,Business Services
TEF,1988,Public Utilities,Telecommunications Equipment
USM,1988,Public Utilities,Telecommunications Equipment
POT,1989,Basic Industries,Agricultural Chemicals
IEX,1989,Capital Goods,Fluid Controls
COG,1990,Energy,Oil & Gas Production
LUX,1990,Health Care,Ophthalmic Goods
WNC,1991,Capital Goods,Construction/Ag Equipment/Trucks
FCFS,1991,Consumer Services,Other Specialty Stores
RGS,1991,Consumer Services,Other Consumer Services
HMN,1991,Finance,Property-Casualty Insurers
MTG,1991,Finance,Property-Casualty Insurers
HAE,1991,Health Care,Medical/Dental Instruments
MTX,1992,Basic Industries,Major Chemicals
SMG,1992,Basic Industries,Agricultural Chemicals
ROP,1992,Capital Goods,Industrial Machinery/Components
ELY,1992,Consumer Non-Durables,Recreational Products/Toys
KSS,1992,Consumer Services,Department/Specialty Retail Stores
OHI,1992,Consumer Services,Real Estate Investment Trusts
TCO,1992,Consumer Services,Real Estate Investment Trusts
CRT,1992,Energy,Oil & Gas Production
BLX,1992,Finance,Commercial Banks
USPH,1992,Health Care,Medical/Nursing Services
ASGN,1992,Technology,Professional Services
SQM,1993,Basic Industries,Mining & Quarrying of Nonmetallic Minerals (No Fuels)
MHO,1993,Capital Goods,Homebuilding
ETH,1993,Consumer Durables,Home Furnishings
NTZ,1993,Consumer Durables,Home Furnishings
KOF,1993,Consumer Non-Durables,Beverages (Production/Distribution)
DECK,1993,Consumer Non-Durables,Shoe Manufacturing
BYD,1993,Consumer Services,Hotels/Resorts
CPT,1993,Consumer Services,Real Estate Investment Trusts
CBL,1993,Consumer Services,Real Estate Investment Trusts
DDR,1993,Consumer Services,Real Estate Investment Trusts
IT,1993,Consumer Services,Other Consumer Services
TV,1993,Consumer Services,Broadcasting
HR,1993,Consumer Services,Real Estate Investment Trusts
REG,1993,Consumer Services,Real Estate Investment Trusts
RCL,1993,Consumer Services,Marine Transportation
BFS,1993,Consumer Services,Real Estate Investment Trusts
SUI,1993,Consumer Services,Real Estate Investment Trusts
SKT,1993,Consumer Services,Real Estate Investment Trusts
CWEI,1993,Energy,Oil & Gas Production
NFX,1993,Energy,Oil & Gas Production
SGY,1993,Energy,Oil & Gas Production
YPF,1993,Energy,Integrated oil Companies
HHS,1993,Technology,Advertising
JBL,1993,Technology,Electrical Products
MLM,1994,Basic Industries,Mining & Quarrying of Nonmetallic Minerals (No Fuels)
PKX,1994,Basic Industries,Steel/Iron Ore
RS,1994,Basic Industries,Metal Fabrications
BZH,1994,Capital Goods,Homebuilding
GBX,1994,Capital Goods,Railroads
VCO,1994,Consumer Non-Durables,Beverages (Production/Distribution)
AIV,1994,Consumer Services,Real Estate Investment Trusts
ESS,1994,Consumer Services,Real Estate Investment Trusts
FGP,1994,Consumer Services,Other Specialty Stores
FR,1994,Consumer Services,Real Estate Investment Trusts
HIW,1994,Consumer Services,Real Estate Investment Trusts
MAC,1994,Consumer Services,Real Estate Investment Trusts
MAA,1994,Consumer Services,Real Estate Investment Trusts
CYD,1994,Energy,Industrial Machinery/Components
COF,1994,Finance,Major Banks
HNP,1994,Public Utilities,Electric Utilities: Central
KEP,1994,Public Utilities,Electric Utilities: Central
PLT,1994,Public Utilities,Telecommunications Equipment
NOK,1994,Technology,Radio And Television Broadcasting And Communications Equipment
MSM,1995,Capital Goods,Industrial Machinery/Components
WAT,1995,Capital Goods,Biotechnology: Laboratory Analytical Instruments
EL,1995,Consumer Non-Durables,Package Goods/Cosmetics
RWT,1995,Consumer Services,Real Estate Investment Trusts
TRK,1995,Consumer Services,Services-Misc. Amusement & Recreation
CLB,1995,Energy,Oilfield Services/Equipment
DO,1995,Energy,Oil & Gas Production
DST,1995,Technology,EDP Services
BVN,1996,Basic Industries,Precious Metals
CCJ,1996,Basic Industries,Precious Metals
TGI,1996,Capital Goods,Aerospace
GES,1996,Consumer Non-Durables,Apparel
REV,1996,Consumer Non-Durables,Package Goods/Cosmetics
DVD,1996,Consumer Services,Services-Misc. Amusement & Recreation
SPH,1996,Consumer Services,Other Specialty Stores
GEL,1996,Energy,Oil Refining/Marketing
WG,1996,Energy,Oilfield Services/Equipment
FFG,1996,Finance,Life Insurance
NUS,1996,Health Care,Other Pharmaceuticals
FDS,1996,Technology,"Computer Software: Programming, Data Processing"
IM,1996,Technology,Retail: Computer Software & Peripheral Equipment
CBI,1997,Basic Industries,Engineering & Construction
FBR,1997,Basic Industries,Paper
BGC,1997,Basic Industries,Telecommunications Equipment
FIX,1997,Capital Goods,Engineering & Construction
MTD,1997,Capital Goods,Biotechnology: Laboratory Analytical Instruments
SRI,1997,Capital Goods,Auto Parts:O.E.M.
GPI,1997,Consumer Durables,Automotive Aftermarket
SAH,1997,Consumer Durables,Automotive Aftermarket
FDP,1997,Consumer Non-Durables,Farming/Seeds/Milling
IBA,1997,Consumer Non-Durables,Meat/Poultry/Fish
RL,1997,Consumer Non-Durables,Apparel
BXP,1997,Consumer Services,Real Estate Investment Trusts
CBD,1997,Consumer Services,Food Chains
EPR,1997,Consumer Services,Real Estate Investment Trusts
KRC,1997,Consumer Services,Real Estate Investment Trusts
SLG,1997,Consumer Services,Real Estate Investment Trusts
MTN,1997,Consumer Services,Services-Misc. Amusement & Recreation
DRQ,1997,Energy,Metal Fabrications
ING,1997,Finance,Commercial Banks
CSU,1997,Health Care,Hospital/Nursing Management
MMS,1997,Miscellaneous,Business Services
CIEN,1997,Public Utilities,Telecommunications Equipment
NTL,1997,Public Utilities,Telecommunications Equipment
SRT,1997,Technology,Professional Services
TSM,1997,Technology,Semiconductors
URI,1997,Technology,Diversified Commercial Services
CEA,1997,Transportation,Air Freight/Delivery Services
ZNH,1997,Transportation,Air Freight/Delivery Services
SCS,1998,Consumer Durables,Office Equipment/Supplies/Services
GIL,1998,Consumer Non-Durables,Apparel
OME,1998,Consumer Non-Durables,Packaged Foods
LHO,1998,Consumer Services,Real Estate Investment Trusts
HZO,1998,Consumer Services,Other Specialty Stores
RAS,1998,Consumer Services,Real Estate Investment Trusts
PAA,1998,Energy,Natural Gas Distribution
YZC,1998,Energy,Coal Mining
FII,1998,Finance,Investment Managers
WDR,1998,Finance,Investment Bankers/Brokers/Service
RSG,1998,Public Utilities,Environmental Services
CLS,1998,Technology,Electrical Products
CVG,1998,Technology,EDP Services
A,1999,Capital Goods,Biotechnology: Laboratory Analytical Instruments
LII,1999,Capital Goods,Industrial Machinery/Components
RTEC,1999,Capital Goods,Industrial Machinery/Components
SKX,1999,Consumer Non-Durables,Shoe Manufacturing
WCC,1999,Consumer Non-Durables,Telecommunications Equipment
ETM,1999,Consumer Services,Broadcasting
HT,1999,Consumer Services,Real Estate Investment Trusts
CNX,1999,Energy,Coal Mining
HGT,1999,Energy,Oil & Gas Production
BLK,1999,Finance,Investment Bankers/Brokers/Service
GBL,1999,Finance,Investment Bankers/Brokers/Service
GS,1999,Finance,Investment Bankers/Brokers/Service
JNPR,1999,Technology,Computer Communications Equipment
KFY,1999,Technology,Diversified Commercial Services
UPS,1999,Transportation,Trucking Freight/Courier Services
ERJ,2000,Capital Goods,Aerospace
PKG,2000,Consumer Durables,Containers/Packaging
EVC,2000,Consumer Services,Broadcasting
MET,2000,Finance,Life Insurance
CRL,2000,Health Care,Biotechnology: Commercial Physical & Biological Resarch
CYH,2000,Health Care,Hospital/Nursing Management
ACH,2001,Basic Industries,Aluminum
BG,2001,Consumer Non-Durables,Packaged Foods
WTW,2001,Consumer Services,Other Consumer Services
CEO,2001,Energy,Oil & Gas Production
OIS,2001,Energy,Metal Fabrications
HDB,2001,Finance,Commercial Banks
PFG,2001,Finance,Accident &Health Insurance
PRU,2001,Finance,Life Insurance
ACN,2001,Miscellaneous,Business Services
ADS,2001,Miscellaneous,Business Services
RIO,2002,Basic Industries,Precious Metals
ABG,2002,Consumer Durables,Automotive Aftermarket
DKS,2002,Consumer Services,Other Specialty Stores
GME,2002,Consumer Services,Electronics Distribution
NCT,2002,Consumer Services,Real Estate Investment Trusts
RGC,2002,Consumer Services,Movies/Entertainment
EEQ,2002,Energy,Oil & Gas Production
NGS,2002,Energy,Oilfield Services/Equipment
NRP,2002,Energy,Coal Mining
SXL,2002,Energy,Natural Gas Distribution
PHH,2002,Finance,Diversified Financial Services
CHA,2002,Public Utilities,Telecommunications Equipment
SBS,2002,Public Utilities,Water Supply
AUO,2002,Technology,Semiconductors
TNP,2002,Transportation,Marine Transportation
CMP,2003,Basic Industries,Mining & Quarrying of Nonmetallic Minerals (No Fuels)
TPX,2003,Consumer Durables,Home Furnishings
CRI,2003,Consumer Non-Durables,Apparel
AHT,2003,Consumer Services,Real Estate Investment Trusts
FPO,2003,Consumer Services,Real Estate Investment Trusts
UTI,2003,Consumer Services,Other Consumer Services
WLL,2003,Energy,Oil & Gas Production
AEL,2003,Finance,Life Insurance
AHL,2003,Finance,Property-Casualty Insurers
AXS,2003,Finance,Property-Casualty Insurers
LFC,2003,Finance,Life Insurance
BLW,2003,Finance,Major Banks
ENH,2003,Finance,Property-Casualty Insurers
NNI,2003,Finance,Finance: Consumer Services
PFS,2003,Finance,Savings Institutions
MOH,2003,Health Care,Medical Specialities
SNX,2003,Technology,Retail: Computer Software & Peripheral Equipment
MTL,2004,Basic Industries,Steel/Iron Ore
WLK,2004,Basic Industries,Major Chemicals
BXC,2004,Capital Goods,Wholesale Distributors
LPL,2004,Capital Goods,Industrial Machinery/Components
KNL,2004,Consumer Durables,Office Equipment/Supplies/Services
DPZ,2004,Consumer Non-Durables,Food Distributors
ENS,2004,Consumer Non-Durables,Telecommunications Equipment
ACC,2004,Consumer Services,Real Estate Investment Trusts
ABR,2004,Consumer Services,Real Estate Investment Trusts
ARC,2004,Consumer Services,Professional Services
BBW,2004,Consumer Services,Recreational Products/Toys
CAB,2004,Consumer Services,Other Specialty Stores
DLR,2004,Consumer Services,Real Estate Investment Trusts
EXR,2004,Consumer Services,Real Estate Investment Trusts
HOS,2004,Consumer Services,Marine Transportation
KRG,2004,Consumer Services,Real Estate Investment Trusts
LVS,2004,Consumer Services,Hotels/Resorts
NWY,2004,Consumer Services,Clothing/Shoe/Accessory Stores
STON,2004,Consumer Services,Other Consumer Services
SHO,2004,Consumer Services,Hotels/Resorts
BBG,2004,Energy,Oil & Gas Production
HEP,2004,Energy,Natural Gas Distribution
MIC,2004,Energy,Oil Refining/Marketing
AIZ,2004,Finance,Accident &Health Insurance
AGO,2004,Finance,Property-Casualty Insurers
CBG,2004,Finance,Real Estate
CNS,2004,Finance,Investment Managers
GNW,2004,Finance,Life Insurance
GHL,2004,Finance,Investment Bankers/Brokers/Service
HLF,2004,Health Care,Other Pharmaceuticals
WCG,2004,Health Care,Medical Specialities
CPL,2004,Public Utilities,Electric Utilities: Central
ORA,2004,Public Utilities,Electric Utilities: Central
CRM,2004,Technology,Computer Software: Prepackaged Software
SMI,2004,Technology,Semiconductors
GOL,2004,Transportation,Air Freight/Delivery Services
CE,2005,Basic Industries,Major Chemicals
CF,2005,Basic Industries,Agricultural Chemicals
HUN,2005,Basic Industries,Major Chemicals
XRM,2005,Basic Industries,Textiles
CCO,2005,Consumer Services,Advertising
DRH,2005,Consumer Services,Real Estate Investment Trusts
DSW,2005,Consumer Services,Clothing/Shoe/Accessory Stores
EDR,2005,Consumer Services,Real Estate Investment Trusts
MPW,2005,Consumer Services,Real Estate Investment Trusts
NSR,2005,Consumer Services,Telecommunications Equipment
TGP,2005,Consumer Services,Marine Transportation
ALJ,2005,Energy,Integrated oil Companies
BAS,2005,Energy,Oilfield Services/Equipment
GLP,2005,Energy,Oil Refining/Marketing
TLP,2005,Energy,Natural Gas Distribution
WTI,2005,Energy,Oil & Gas Production
NFJ,2005,Finance,Finance: Consumer Services
ICE,2005,Finance,Investment Bankers/Brokers/Service
LAZ,2005,Finance,Investment Managers
WAL,2005,Finance,Major Banks
BKD,2005,Health Care,Hospital/Nursing Management
PBH,2005,Health Care,Major Pharmaceuticals
DLB,2005,Miscellaneous,Multi-Sector Companies
PAY,2005,Miscellaneous,Office Equipment/Supplies/Services
BWP,2005,Public Utilities,Natural Gas Distribution
DPM,2005,Public Utilities,Natural Gas Distribution
CPA,2005,Transportation,Air Freight/Delivery Services
DHT,2005,Transportation,Marine Transportation
DSX,2005,Transportation,Marine Transportation
SSW,2005,Transportation,Marine Transportation
KBR,2006,Basic Industries,Military/Government/Technical
KOP,2006,Basic Industries,Forest Products
MWA,2006,Capital Goods,Metal Fabrications
SPR,2006,Capital Goods,Military/Government/Technical
TDG,2006,Capital Goods,Military/Government/Technical
CODI,2006,Consumer Durables,Home Furnishings
CMG,2006,Consumer Services,Restaurants
DCT,2006,Consumer Services,Real Estate Investment Trusts
DEI,2006,Consumer Services,Real Estate Investment Trusts
EDU,2006,Consumer Services,Other Consumer Services
RSO,2006,Consumer Services,Real Estate Investment Trusts
TOO,2006,Consumer Services,Marine Transportation
ANW,2006,Energy,Oil Refining/Marketing
DK,2006,Energy,Integrated oil Companies
XCO,2006,Energy,Oil & Gas Production
NOA,2006,Energy,Oilfield Services/Equipment
WNR,2006,Energy,Integrated oil Companies
AWH,2006,Finance,Property-Casualty Insurers
EVR,2006,Finance,Investment Managers
OB,2006,Finance,Property-Casualty Insurers
EBS,2006,Health Care,Major Pharmaceuticals
MA,2006,Miscellaneous,Business Services
WNS,2006,Miscellaneous,Business Services
ETE,2006,Public Utilities,Natural Gas Distribution
VG,2006,Public Utilities,Telecommunications Equipment
AER,2006,Technology,Diversified Commercial Services
AYR,2006,Technology,Diversified Commercial Services
TSL,2006,Technology,Semiconductors
DAC,2006,Transportation,Marine Transportation
PAC,2006,Transportation,Aerospace
GFA,2007,Basic Industries,Homebuilding
XIN,2007,Basic Industries,Homebuilding
ATV,2007,Consumer Services,Other Specialty Stores
ACM,2007,Consumer Services,Military/Government/Technical
CIM,2007,Consumer Services,Real Estate Investment Trusts
CNK,2007,Consumer Services,Movies/Entertainment
G,2007,Consumer Services,Professional Services
HF,2007,Consumer Services,Real Estate
HGG,2007,Consumer Services,Consumer Electronics/Video Chains
LL,2007,Consumer Services,RETAIL: Building Materials
TNK,2007,Consumer Services,Marine Transportation
CXO,2007,Energy,Oil & Gas Production
CLR,2007,Energy,Oil & Gas Production
CVI,2007,Energy,Integrated oil Companies
MVO,2007,Energy,Oil & Gas Production
DFT,2007,Finance,Real Estate
EIG,2007,Finance,Property-Casualty Insurers
FIG,2007,Finance,Investment Managers
JMP,2007,Finance,Investment Bankers/Brokers/Service
OZM,2007,Finance,Investment Managers
PZN,2007,Finance,Investment Managers
BX,2007,Finance,Investment Managers
GTS,2007,Finance,Accident &Health Insurance
VR,2007,Finance,Property-Casualty Insurers
DHX,2007,Miscellaneous,Business Services
CEL,2007,Public Utilities,Telecommunications Equipment
EDN,2007,Public Utilities,Electric Utilities: Central
SEP,2007,Public Utilities,Natural Gas Distribution
STV,2007,Technology,Computer Software: Prepackaged Software
PRO,2007,Technology,EDP Services
TGH,2007,Technology,Diversified Commercial Services
VMW,2007,Technology,Computer Software: Prepackaged Software
YGE,2007,Technology,Semiconductors
NMM,2007,Transportation,Marine Transportation
IPI,2008,Basic Industries,Mining & Quarrying of Nonmetallic Minerals (No Fuels)
CFX,2008,Capital Goods,Fluid Controls
AWK,2008,Public Utilities,Water Supply
WES,2008,Public Utilities,Natural Gas Distribution
SOL,2008,Technology,Semiconductors
SB,2008,Transportation,Marine Transportation
KRA,2009,Basic Industries,Major Chemicals
KAR,2009,Consumer Durables,Automotive Aftermarket
MJN,2009,Consumer Non-Durables,Packaged Foods
VSI,2009,Consumer Non-Durables,Food Chains
ARI,2009,Consumer Services,Real Estate Investment Trusts
BPI,2009,Consumer Services,Other Consumer Services
CLNY,2009,Consumer Services,Real Estate Investment Trusts
CYS,2009,Consumer Services,Real Estate Investment Trusts
DGI,2009,Consumer Services,Telecommunications Equipment
DG,2009,Consumer Services,Department/Specialty Retail Stores
H,2009,Consumer Services,Hotels/Resorts
IVR,2009,Consumer Services,Real Estate Investment Trusts
MG,2009,Consumer Services,Military/Government/Technical
PEB,2009,Consumer Services,Real Estate Investment Trusts
PMT,2009,Consumer Services,Real Estate Investment Trusts
STWD,2009,Consumer Services,Real Estate Investment Trusts
CLD,2009,Energy,Coal Mining
CIE,2009,Energy,Oil & Gas Production
BSBR,2009,Finance,Commercial Banks
CCM,2009,Health Care,Medical/Nursing Services
SEM,2009,Health Care,Hospital/Nursing Management
RST,2009,Technology,Computer Software: Prepackaged Software
TMH,2009,Technology,Professional Services
AMRC,2010,Basic Industries,Engineering & Construction
PLOW,2010,Capital Goods,Construction/Ag Equipment/Trucks
GM,2010,Capital Goods,Auto Manufacturing
ST,2010,Capital Goods,Industrial Machinery/Components
TOWR,2010,Capital Goods,Auto Parts:O.E.M.
GNRC,2010,Consumer Durables,Metal Fabrications
BORN,2010,Consumer Non-Durables,Beverages (Production/Distribution)
XNY,2010,Consumer Non-Durables,Apparel
BAH,2010,Consumer Services,Professional Services
CALX,2010,Consumer Services,Telecommunications Equipment
CLDT,2010,Consumer Services,Real Estate Investment Trusts
CHSP,2010,Consumer Services,Real Estate Investment Trusts
COR,2010,Consumer Services,Real Estate Investment Trusts
EXPR,2010,Consumer Services,Clothing/Shoe/Accessory Stores
WSR,2010,Consumer Services,Real Estate Investment Trusts
ECT,2010,Energy,Oil & Gas Production
OAS,2010,Energy,Oil & Gas Production
EFC,2010,Finance,Real Estate
GCAP,2010,Finance,Investment Bankers/Brokers/Service
GDOT,2010,Finance,Finance: Consumer Services
HPP,2010,Finance,Real Estate
NOAH,2010,Finance,Investment Managers
PRI,2010,Finance,Life Insurance
TRNO,2010,Finance,Real Estate
WD,2010,Finance,Finance: Consumer Services
ENV,2010,Miscellaneous,Business Services
FLT,2010,Miscellaneous,Business Services
FN,2010,Public Utilities,Telecommunications Equipment
TRGP,2010,Public Utilities,Natural Gas Distribution
BITA,2010,Technology,EDP Services
DQ,2010,Technology,Semiconductors
SFUN,2010,Technology,EDP Services
IPHI,2010,Technology,Semiconductors
IL,2010,Technology,Computer Software: Prepackaged Software
JKS,2010,Technology,Semiconductors
MXL,2010,Technology,Semiconductors
CMRE,2010,Transportation,Marine Transportation
RRTS,2010,Transportation,Oil Refining/Marketing
STNG,2010,Transportation,Marine Transportation
SWFT,2010,Transportation,Trucking Freight/Courier Services
UAN,2011,Basic Industries,Agricultural Chemicals
SXC,2011,Basic Industries,Steel/Iron Ore
ZX,2011,Capital Goods,Auto Parts:O.E.M.
DLPH,2011,Capital Goods,Auto Parts:O.E.M.
ITT,2011,Capital Goods,Fluid Controls
WAIR,2011,Capital Goods,Wholesale Distributors
XYL,2011,Capital Goods,Fluid Controls
AGRO,2011,Consumer Non-Durables,Farming/Seeds/Milling
GNC,2011,Consumer Non-Durables,Food Chains
KORS,2011,Consumer Non-Durables,Apparel
AAT,2011,Consumer Services,Real Estate Investment Trusts
ARCO,2011,Consumer Services,Restaurants
P,2011,Consumer Services,Broadcasting
FENG,2011,Consumer Services,Broadcasting
APTS,2011,Consumer Services,Real Estate Investment Trusts
RLJ,2011,Consumer Services,Real Estate Investment Trusts
STAG,2011,Consumer Services,Real Estate Investment Trusts
INN,2011,Consumer Services,Real Estate Investment Trusts
BCEI,2011,Energy,Oil & Gas Production
CHKR,2011,Energy,Oil & Gas Production
NDRO,2011,Energy,Oil & Gas Production
KOS,2011,Energy,Oil & Gas Production
LPI,2011,Energy,Oil & Gas Production
NGL,2011,Energy,Oil Refining/Marketing
PACD,2011,Energy,Oil & Gas Production
SN,2011,Energy,Oil & Gas Production
SDT,2011,Energy,Oil & Gas Production
PER,2011,Energy,Oil & Gas Production
TLLP,2011,Energy,Natural Gas Distribution
THR,2011,Energy,Industrial Machinery/Components
VOC,2011,Energy,Oil & Gas Production
WPX,2011,Energy,Oil & Gas Production
APO,2011,Finance,Investment Managers
BKU,2011,Finance,Savings Institutions
EMG,2011,Finance,Life Insurance
GZT,2011,Finance,Real Estate
MN,2011,Finance,Investment Managers
HCA,2011,Health Care,Hospital/Nursing Management
NLSN,2011,Miscellaneous,Business Services
AMID,2011,Public Utilities,Natural Gas Distribution
GNE,2011,Public Utilities,Power Generation
KMI,2011,Public Utilities,Natural Gas Distribution
LVLT,2011,Public Utilities,Telecommunications Equipment
AL,2011,Technology,Diversified Commercial Services
RATE,2011,Technology,EDP Services
ELLI,2011,Technology,Computer Software: Prepackaged Software
IMPV,2011,Technology,Computer Software: Prepackaged Software
INXN,2011,Technology,"Computer Software: Programming, Data Processing"
INVN,2011,Technology,Semiconductors
LNKD,2011,Technology,"Computer Software: Programming, Data Processing"
MX,2011,Technology,Semiconductors
NPTN,2011,Technology,Semiconductors
NQ,2011,Technology,Computer Software: Prepackaged Software
RENN,2011,Technology,EDP Services
SQNS,2011,Technology,Semiconductors
HCLP,2012,Basic Industries,Mining & Quarrying of Nonmetallic Minerals (No Fuels)
LXFR,2012,Basic Industries,Major Chemicals
SLCA,2012,Basic Industries,Mining & Quarrying of Nonmetallic Minerals (No Fuels)
ALSN,2012,Capital Goods,Auto Parts:O.E.M.
CPAC,2012,Capital Goods,Building Materials
MRC,2012,Capital Goods,Industrial Machinery/Components
PRLB,2012,Capital Goods,Metal Fabrications
VCRA,2012,Consumer Durables,Telecommunications Equipment
ANFI,2012,Consumer Non-Durables,Packaged Foods
BERY,2012,Consumer Non-Durables,Plastic Products
POST,2012,Consumer Non-Durables,Packaged Foods
WWAV,2012,Consumer Non-Durables,Packaged Foods
ACRE,2012,Consumer Services,Real Estate Investment Trusts
CCV,2012,Consumer Services,Television Services
EQCO,2012,Consumer Services,Real Estate Investment Trusts
GLOG,2012,Consumer Services,Marine Transportation
MANU,2012,Consumer Services,Services-Misc. Amusement & Recreation
NGVC,2012,Consumer Services,Food Chains
RH,2012,Consumer Services,Other Specialty Stores
RPAI,2012,Consumer Services,Real Estate Investment Trusts
SBY,2012,Consumer Services,Real Estate Investment Trusts
TLYS,2012,Consumer Services,Clothing/Shoe/Accessory Stores
VIPS,2012,Consumer Services,Catalog/Specialty Distribution
WMC,2012,Consumer Services,Real Estate Investment Trusts
YELP,2012,Consumer Services,Other Consumer Services
ALDW,2012,Energy,Integrated oil Companies
CAPL,2012,Energy,Oil Refining/Marketing
DKL,2012,Energy,Natural Gas Distribution
FET,2012,Energy,Metal Fabrications
MTDR,2012,Energy,Oil & Gas Production
MPLX,2012,Energy,Natural Gas Distribution
ROYT,2012,Energy,Oil & Gas Production
PBF,2012,Energy,Integrated oil Companies
SDR,2012,Energy,Oil & Gas Production
SDLP,2012,Energy,Oil & Gas Production
SUN,2012,Energy,Oil Refining/Marketing
MGR,2012,Finance,Investment Managers
AFA,2012,Finance,Property-Casualty Insurers
BGCA,2012,Finance,Investment Bankers/Brokers/Service
EVER,2012,Finance,Savings Institutions
BSMX,2012,Finance,Commercial Banks
KWN,2012,Finance,Real Estate
MHNB,2012,Finance,Property-Casualty Insurers
NBHC,2012,Finance,Major Banks
NSM,2012,Finance,Finance: Consumer Services
OAK,2012,Finance,Investment Managers
RLGY,2012,Finance,Real Estate
RM,2012,Finance,Finance: Consumer Services
ABBV,2012,Health Care,Major Pharmaceuticals
GMED,2012,Health Care,Medical/Dental Instruments
VNTV,2012,Miscellaneous,Business Services
WAGE,2012,Miscellaneous,Business Services
EQM,2012,Public Utilities,Natural Gas Distribution
SXE,2012,Public Utilities,Natural Gas Distribution
SMLP,2012,Public Utilities,Natural Gas Distribution
WGP,2012,Public Utilities,Natural Gas Distribution
EPAM,2012,Technology,EDP Services
GWRE,2012,Technology,Computer Software: Prepackaged Software
LOCK,2012,Technology,EDP Services
PANW,2012,Technology,Computer peripheral equipment
RXN,2012,Technology,Industrial Machinery/Components
NOW,2012,Technology,Computer Software: Prepackaged Software
SSTK,2012,Technology,EDP Services
WDAY,2012,Technology,EDP Services
BIOA,2013,Basic Industries,Major Chemicals
CINR,2013,Basic Industries,Mining & Quarrying of Nonmetallic Minerals (No Fuels)
CSTM,2013,Basic Industries,Metal Fabrications
EMES,2013,Basic Industries,Mining & Quarrying of Nonmetallic Minerals (No Fuels)
EVGN,2013,Basic Industries,Agricultural Chemicals
GRAM,2013,Basic Industries,Military/Government/Technical
OCIP,2013,Basic Industries,Major Chemicals
PGEM,2013,Basic Industries,Forest Products
SXCP,2013,Basic Industries,Steel/Iron Ore
CNHI,2013,Capital Goods,Construction/Ag Equipment/Trucks
BRSS,2013,Capital Goods,Metal Fabrications
WLH,2013,Capital Goods,Homebuilding
TMHC,2013,Capital Goods,Homebuilding
TPH,2013,Capital Goods,Homebuilding
UCP,2013,Capital Goods,Homebuilding
VEDL,2013,Capital Goods,Metal Fabrications
VJET,2013,Capital Goods,Industrial Machinery/Components
WCIC,2013,Capital Goods,Homebuilding
MUSA,2013,Consumer Durables,Automotive Aftermarket
ABEV,2013,Consumer Non-Durables,Beverages (Production/Distribution)
COTY,2013,Consumer Non-Durables,Package Goods/Cosmetics
PF,2013,Consumer Non-Durables,Packaged Foods
WBAI,2013,Consumer Services,Services-Misc. Amusement & Recreation
ALLE,2013,Consumer Services,Diversified Commercial Services
AMC,2013,Consumer Services,Movies/Entertainment
AMH,2013,Consumer Services,Real Estate Investment Trusts
ARMK,2013,Consumer Services,Restaurants
AHP,2013,Consumer Services,Real Estate Investment Trusts
BCC,2013,Consumer Services,RETAIL: Building Materials
BRX,2013,Consumer Services,Real Estate Investment Trusts
BURL,2013,Consumer Services,Department/Specialty Retail Stores
CTT,2013,Consumer Services,Real Estate Investment Trusts
CHGG,2013,Consumer Services,Other Consumer Services
CHMI,2013,Consumer Services,Real Estate Investment Trusts
MYCC,2013,Consumer Services,Hotels/Resorts
CXP,2013,Consumer Services,Real Estate Investment Trusts
TCS,2013,Consumer Services,Home Furnishings
EARN,2013,Consumer Services,Real Estate Investment Trusts
ESRT,2013,Consumer Services,Real Estate Investment Trusts
EROS,2013,Consumer Services,Movies/Entertainment
STAY,2013,Consumer Services,Hotels/Resorts
OAKS,2013,Consumer Services,Real Estate Investment Trusts
HASI,2013,Consumer Services,Real Estate Investment Trusts
HLT,2013,Consumer Services,Hotels/Resorts
I,2013,Consumer Services,Telecommunications Equipment
KNOP,2013,Consumer Services,Marine Transportation
LITB,2013,Consumer Services,Catalog/Specialty Distribution
ORC,2013,Consumer Services,Real Estate Investment Trusts
DOC,2013,Consumer Services,Real Estate Investment Trusts
QTS,2013,Consumer Services,Real Estate Investment Trusts
REXR,2013,Consumer Services,Real Estate Investment Trusts
SEAS,2013,Consumer Services,Services-Misc. Amusement & Recreation
SRC,2013,Consumer Services,Building operators
SLD,2013,Consumer Services,Real Estate Investment Trusts
VNCE,2013,Consumer Services,Clothing/Shoe/Accessory Stores
AR,2013,Energy,Oil & Gas Production
ARCX,2013,Energy,Oil Refining/Marketing
CVRR,2013,Energy,Integrated oil Companies
FI,2013,Energy,Oilfield Services/Equipment
JONE,2013,Energy,Oil & Gas Production
PSXP,2013,Energy,Natural Gas Distribution
PAGP,2013,Energy,Natural Gas Distribution
SRLP,2013,Energy,Oil Refining/Marketing
VLP,2013,Energy,Natural Gas Distribution
WNRL,2013,Energy,Natural Gas Distribution
WPT,2013,Energy,Oil Refining/Marketing
AHH,2013,Finance,Real Estate
APAM,2013,Finance,Investment Managers
BCRH,2013,Finance,Property-Casualty Insurers
ESNT,2013,Finance,Property-Casualty Insurers
FGL,2013,Finance,Life Insurance
MHNC,2013,Finance,Property-Casualty Insurers
MMI,2013,Finance,Real Estate
OMF,2013,Finance,Finance: Consumer Services
PFSI,2013,Finance,Finance: Consumer Services
RMAX,2013,Finance,Real Estate
SGM,2013,Finance,Finance: Consumer Services
TPRE,2013,Finance,Property-Casualty Insurers
VOYA,2013,Finance,Life Insurance
AGN,2013,Health Care,Major Pharmaceuticals
XON,2013,Health Care,Biotechnology: Commercial Physical & Biological Resarch
MNK,2013,Health Care,Major Pharmaceuticals
Q,2013,Health Care,Biotechnology: Commercial Physical & Biological Resarch
ZTS,2013,Health Care,Major Pharmaceuticals
BFAM,2013,Miscellaneous,Other Consumer Services
EAE,2013,Public Utilities,Electric Utilities: Central
MEP,2013,Public Utilities,Oil & Gas Production
CTY,2013,Public Utilities,Telecommunications Equipment
S,2013,Public Utilities,Telecommunications Equipment
TEP,2013,Public Utilities,Natural Gas Distribution
USAC,2013,Public Utilities,Natural Gas Distribution
WUBA,2013,Technology,"Computer Software: Programming, Data Processing"
ATHM,2013,Technology,EDP Services
CUDA,2013,Technology,Computer peripheral equipment
ECOM,2013,Technology,Computer Software: Prepackaged Software
EVTC,2013,Technology,EDP Services
GIMO,2013,Technology,EDP Services
LXFT,2013,Technology,EDP Services
MRIN,2013,Technology,EDP Services
MIXT,2013,Technology,Computer Software: Prepackaged Software
MODN,2013,Technology,"Computer Software: Programming, Data Processing"
NMBL,2013,Technology,Electronic Components
RNG,2013,Technology,EDP Services
SSNI,2013,Technology,Computer Communications Equipment
DATA,2013,Technology,Computer Software: Prepackaged Software
TRMR,2013,Technology,Advertising
TWTR,2013,Technology,"Computer Software: Programming, Data Processing"
VEEV,2013,Technology,Computer Software: Prepackaged Software
YUME,2013,Technology,Advertising
ASC,2013,Transportation,Marine Transportation
AVH,2013,Transportation,Air Freight/Delivery Services
VLRS,2013,Transportation,Air Freight/Delivery Services
NVGS,2013,Transportation,Marine Transportation
SALT,2013,Transportation,Marine Transportation
AXTA,2014,Basic Industries,Paints/Coatings
FMSA,2014,Basic Industries,Mining & Quarrying of Nonmetallic Minerals (No Fuels)
IBP,2014,Basic Industries,Homebuilding
ICL,2014,Basic Industries,Agricultural Chemicals
OEC,2014,Basic Industries,Major Chemicals
PAH,2014,Basic Industries,Major Chemicals
RYAM,2014,Basic Industries,Major Chemicals
RYI,2014,Basic Industries,Metal Fabrications
TMST,2014,Basic Industries,Steel/Iron Ore
TSE,2014,Basic Industries,Major Chemicals
WLKP,2014,Basic Industries,Major Chemicals
WMS,2014,Capital Goods,Containers/Packaging
CCS,2014,Capital Goods,Homebuilding
CBPX,2014,Capital Goods,Building Materials
FCAM,2014,Capital Goods,Auto Manufacturing
FCAU,2014,Capital Goods,Auto Manufacturing
KEYS,2014,Capital Goods,Industrial Machinery/Components
MPG,2014,Capital Goods,Auto Parts:O.E.M.
NWHM,2014,Capital Goods,Homebuilding
VSLR,2014,Capital Goods,Building Products
KN,2014,Consumer Non-Durables,Consumer Electronics/Appliances
AMFW,2014,Consumer Services,Military/Government/Technical
ABRN,2014,Consumer Services,Real Estate Investment Trusts
ASPN,2014,Consumer Services,RETAIL: Building Materials
BOOT,2014,Consumer Services,Clothing/Shoe/Accessory Stores
CRCM,2014,Consumer Services,Other Consumer Services
CIO,2014,Consumer Services,Real Estate Investment Trusts
CVEO,2014,Consumer Services,Hotels/Resorts
SFR,2014,Consumer Services,Real Estate Investment Trusts
EHIC,2014,Consumer Services,Rental/Leasing Companies
FPI,2014,Consumer Services,Real Estate Investment Trusts
GLOP,2014,Consumer Services,Marine Transportation
HMLP,2014,Consumer Services,Marine Transportation
SNOW,2014,Consumer Services,Services-Misc. Amusement & Recreation
JMEI,2014,Consumer Services,Other Specialty Stores
LQ,2014,Consumer Services,Hotels/Resorts
LADR,2014,Consumer Services,Real Estate Investment Trusts
NEWM,2014,Consumer Services,Newspapers/Magazines
SNR,2014,Consumer Services,Real Estate Investment Trusts
NYRT,2014,Consumer Services,Real Estate Investment Trusts
NORD,2014,Consumer Services,Other Consumer Services
NRF,2014,Consumer Services,Real Estate Investment Trusts
OUT,2014,Consumer Services,Real Estate Investment Trusts
PGRE,2014,Consumer Services,Real Estate Investment Trusts
QUOT,2014,Consumer Services,Advertising
RFT,2014,Consumer Services,Real Estate Investment Trusts
RFTA,2014,Consumer Services,Real Estate Investment Trusts
QSR,2014,Consumer Services,Restaurants
SERV,2014,Consumer Services,Other Consumer Services
SFS,2014,Consumer Services,Food Chains
STOR,2014,Consumer Services,Real Estate Investment Trusts
TIME,2014,Consumer Services,Newspapers/Magazines
TSQ,2014,Consumer Services,Broadcasting
TVPT,2014,Consumer Services,Transportation Services
TRCO,2014,Consumer Services,Broadcasting
VEC,2014,Consumer Services,Diversified Commercial Services
VRTV,2014,Consumer Services,Paper
WPG,2014,Consumer Services,Real Estate Investment Trusts
W,2014,Consumer Services,Catalog/Specialty Distribution
ZOES,2014,Consumer Services,Restaurants
CRC,2014,Energy,Oil & Gas Production
CELP,2014,Energy,Oilfield Services/Equipment
ECR,2014,Energy,Oil & Gas Production
EPE,2014,Energy,Oil & Gas Production
FELP,2014,Energy,Coal Mining
GPRK,2014,Energy,Oil & Gas Production
ICD,2014,Energy,Oil & Gas Production
JPEP,2014,Energy,Oil Refining/Marketing
NADL,2014,Energy,Oil & Gas Production
DNOW,2014,Energy,Metal Fabrications
PE,2014,Energy,Oil & Gas Production
PBFX,2014,Energy,Natural Gas Distribution
RICE,2014,Energy,Oil & Gas Production
RSPP,2014,Energy,Oil & Gas Production
SHLX,2014,Energy,Natural Gas Distribution
RIGP,2014,Energy,Oil & Gas Production
VTTI,2014,Energy,Oil Refining/Marketing
ALLY,2014,Finance,Finance: Consumer Services
AFGE,2014,Finance,Property-Casualty Insurers
ARES,2014,Finance,Investment Managers
CFG,2014,Finance,Major Banks
ENVA,2014,Finance,Finance: Consumer Services
FCB,2014,Finance,Major Banks
FNF,2014,Finance,Specialty Insurers
FNFV,2014,Finance,Specialty Insurers
GWB,2014,Finance,Major Banks
AVAL,2014,Finance,Commercial Banks
HRTG,2014,Finance,Property-Casualty Insurers
JMPC,2014,Finance,Investment Bankers/Brokers/Service
KMPA,2014,Finance,Property-Casualty Insurers
LEJU,2014,Finance,Real Estate
MDLY,2014,Finance,Investment Managers
MC,2014,Finance,Investment Managers
NSAM,2014,Finance,Real Estate
OMAM,2014,Finance,Investment Managers
ONDK,2014,Finance,Finance: Consumer Services
SC,2014,Finance,Finance: Consumer Services
SYF,2014,Finance,Finance: Consumer Services
UBS,2014,Finance,Major Banks
WF,2014,Finance,Commercial Banks
AAC,2014,Health Care,Medical Specialities
ADPT,2014,Health Care,Hospital/Nursing Management
CTLT,2014,Health Care,Major Pharmaceuticals
CIVI,2014,Health Care,Medical/Nursing Services
DPLO,2014,Health Care,Medical/Nursing Services
HYH,2014,Health Care,Industrial Specialties
NVRO,2014,Health Care,Medical/Dental Instruments
BABA,2014,Miscellaneous,Business Services
GRUB,2014,Miscellaneous,Business Services
LC,2014,Miscellaneous,Business Services
TNET,2014,Miscellaneous,Business Services
AM,2014,Public Utilities,Natural Gas Distribution
ATTO,2014,Public Utilities,Telecommunications Equipment
CNNX,2014,Public Utilities,Natural Gas Distribution
DM,2014,Public Utilities,Natural Gas Distribution
ENBL,2014,Public Utilities,Natural Gas Distribution
EZT,2014,Public Utilities,Electric Utilities: Central
NEP,2014,Public Utilities,Electric Utilities: Central
OGS,2014,Public Utilities,Oil/Gas Transmission
CTV,2014,Public Utilities,Telecommunications Equipment
RMP,2014,Public Utilities,Natural Gas Distribution
UZB,2014,Public Utilities,Telecommunications Equipment
VZA,2014,Public Utilities,Telecommunications Equipment
ZAYO,2014,Public Utilities,Telecommunications Equipment
ATEN,2014,Technology,Computer Communications Equipment
HIVE,2014,Technology,EDP Services
AMBR,2014,Technology,Computer Software: Prepackaged Software
ANET,2014,Technology,Computer Communications Equipment
CSLT,2014,Technology,EDP Services
CMCM,2014,Technology,Computer Software: Prepackaged Software
EVDY,2014,Technology,EDP Services
GLOB,2014,Technology,EDP Services
HUBS,2014,Technology,Computer Software: Prepackaged Software
MBLY,2014,Technology,Computer Software: Prepackaged Software
NEFF,2014,Technology,Diversified Commercial Services
NEWR,2014,Technology,Computer Software: Prepackaged Software
PAYC,2014,Technology,Computer Software: Prepackaged Software
QTWO,2014,Technology,Computer Software: Prepackaged Software
RUBI,2014,Technology,"Computer Software: Programming, Data Processing"
WK,2014,Technology,Computer Software: Prepackaged Software
ZEN,2014,Technology,EDP Services
ZPIN,2014,Technology,Professional Services
LPG,2014,Transportation,Marine Transportation
NAO,2014,Transportation,Marine Transportation
SLTB,2014,Transportation,Marine Transportation
SBNA,2014,Transportation,Marine Transportation
SBNB,2014,Transportation,Marine Transportation
SSWN,2014,Transportation,Marine Transportation
USDP,2014,Transportation,Railroads
AGI,2015,Basic Industries,Precious Metals
CC,2015,Basic Industries,Major Chemicals
EVA,2015,Basic Industries,Forest Products
SUM,2015,Basic Industries,Mining & Quarrying of Nonmetallic Minerals (No Fuels)
BLD,2015,Basic Industries,Engineering & Construction
BW,2015,Capital Goods,Building Products
RACE,2015,Capital Goods,Auto Manufacturing
HZN,2015,Capital Goods,Auto Parts:O.E.M.
HUBB,2015,Capital Goods,Electrical Products
VSTO,2015,Capital Goods,Ordnance And Accessories
MPSX,2015,Consumer Durables,Containers/Packaging
UNVR,2015,Consumer Durables,Specialty Chemicals
WRK,2015,Consumer Durables,Containers/Packaging
BETR,2015,Consumer Non-Durables,Packaged Foods
PFGC,2015,Consumer Non-Durables,Food Distributors
APLE,2015,Consumer Services,Real Estate Investment Trusts
BNED,2015,Consumer Services,Other Specialty Stores
CABO,2015,Consumer Services,Television Services
CCP,2015,Consumer Services,Real Estate Investment Trusts
CHCT,2015,Consumer Services,Real Estate Investment Trusts
DEA,2015,Consumer Services,Real Estate Investment Trusts
EGL,2015,Consumer Services,Military/Government/Technical
EVH,2015,Consumer Services,Other Consumer Services
FCPT,2015,Consumer Services,Real Estate Investment Trusts
GNL,2015,Consumer Services,Real Estate Investment Trusts
AJX,2015,Consumer Services,Real Estate Investment Trusts
HIFR,2015,Consumer Services,Real Estate Investment Trusts
IGT,2015,Consumer Services,Services-Misc. Amusement & Recreation
JAX,2015,Consumer Services,Restaurants
JCAP,2015,Consumer Services,Real Estate Investment Trusts
JP,2015,Consumer Services,Other Consumer Services
KEN,2015,Consumer Services,Marine Transportation
MSG,2015,Consumer Services,Services-Misc. Amusement & Recreation
NSA,2015,Consumer Services,Real Estate Investment Trusts
NXRT,2015,Consumer Services,Real Estate Investment Trusts
NRE,2015,Consumer Services,Real Estate Investment Trusts
PRTY,2015,Consumer Services,Other Specialty Stores
PLNT,2015,Consumer Services,Hotels/Resorts
RENX,2015,Consumer Services,Publishing
RELX,2015,Consumer Services,Publishing
SHAK,2015,Consumer Services,Restaurants
GCI,2015,Consumer Services,Newspapers/Magazines
XHR,2015,Consumer Services,Hotels/Resorts
AEUA,2015,Energy,Oil & Gas Production
BSM,2015,Energy,Oil & Gas Production
CNXC,2015,Energy,Coal Mining
SWNC,2015,Energy,Oil & Gas Production
WMLP,2015,Energy,Coal Mining
WPXP,2015,Energy,Oil & Gas Production
AFGH,2015,Finance,Property-Casualty Insurers
AFSS,2015,Finance,Property-Casualty Insurers
AFST,2015,Finance,Property-Casualty Insurers
AIC,2015,Finance,Finance/Investors Services
AC,2015,Finance,Investment Bankers/Brokers/Service
FSB,2015,Finance,Major Banks
HLI,2015,Finance,Investment Managers
PN,2015,Finance,Specialty Insurers
PJT,2015,Finance,Investment Managers
SRG,2015,Finance,Real Estate
TRU,2015,Finance,Finance: Consumer Services
UE,2015,Finance,Real Estate
YRD,2015,Finance,Finance: Consumer Services
ANTX,2015,Health Care,Medical Specialities
AXON,2015,Health Care,Major Pharmaceuticals
GKOS,2015,Health Care,Medical/Dental Instruments
NVTA,2015,Health Care,Medical Specialities
PEN,2015,Health Care,Medical/Dental Instruments
TDOC,2015,Health Care,Medical/Nursing Services
ENR,2015,Miscellaneous,Industrial Machinery/Components
FDC,2015,Miscellaneous,Business Services
AGR,2015,Public Utilities,Electric Utilities: Central
BKHU,2015,Public Utilities,Electric Utilities: Central
CPPL,2015,Public Utilities,Natural Gas Distribution
EQGP,2015,Public Utilities,Natural Gas Distribution
NYLD,2015,Public Utilities,Electric Utilities: Central
SOJA,2015,Public Utilities,Electric Utilities: Central
TLN,2015,Public Utilities,Electric Utilities: Central
TEGP,2015,Public Utilities,Natural Gas Distribution
UZC,2015,Public Utilities,Telecommunications Equipment
BKFS,2015,Technology,Computer Software: Prepackaged Software
BOX,2015,Technology,Computer Software: Prepackaged Software
CSRA,2015,Technology,EDP Services
EXTN,2015,Technology,Diversified Commercial Services
FIT,2015,Technology,Computer Manufacturing
GDDY,2015,Technology,EDP Services
HPE,2015,Technology,Computer Manufacturing
INST,2015,Technology,Computer Software: Prepackaged Software
MCRN,2015,Technology,Industrial Machinery/Components
OOMA,2015,Technology,EDP Services
PSTG,2015,Technology,Electronic Components
SHOP,2015,Technology,Computer Software: Prepackaged Software
FLOW,2015,Technology,Industrial Machinery/Components
SQ,2015,Technology,Computer Software: Prepackaged Software
XTLY,2015,Technology,Computer Software: Prepackaged Software
DSXN,2015,Transportation,Marine Transportation
EURN,2015,Transportation,Marine Transportation
GNRT,2015,Transportation,Marine Transportation
OSG,2015,Transportation,Marine Transportation
ASIX,2016,Basic Industries,Major Chemicals
BBU,2016,Basic Industries,Engineering & Construction
GCP,2016,Basic Industries,Major Chemicals
NGVT,2016,Basic Industries,Major Chemicals
OR,2016,Basic Industries,Precious Metals
VVV,2016,Basic Industries,Major Chemicals
VRS,2016,Basic Industries,Paper
VSM,2016,Basic Industries,Major Chemicals
AA,2016,Capital Goods,Metal Fabrications
FTV,2016,Capital Goods,Industrial Machinery/Components
CWH,2016,Consumer Durables,Automotive Aftermarket
GOLF,2016,Consumer Non-Durables,Recreational Products/Toys
APFH,2016,Consumer Non-Durables,Packaged Foods
AFI,2016,Consumer Non-Durables,Plastic Products
CCE,2016,Consumer Non-Durables,Beverages (Production/Distribution)
ELF,2016,Consumer Non-Durables,Package Goods/Cosmetics
LW,2016,Consumer Non-Durables,Packaged Foods
NOMD,2016,Consumer Non-Durables,Packaged Foods
SITE,2016,Consumer Non-Durables,Farming/Seeds/Milling
TPB,2016,Consumer Non-Durables,Tobacco
UA.C,2016,Consumer Non-Durables,Apparel
USFD,2016,Consumer Non-Durables,Food Distributors
HOME,2016,Consumer Services,Home Furnishings
COE,2016,Consumer Services,Other Consumer Services
DFIN,2016,Consumer Services,Other Consumer Services
GMTA,2016,Consumer Services,Transportation Services
GMRE,2016,Consumer Services,Real Estate Investment Trusts
GMS,2016,Consumer Services,RETAIL: Building Materials
HTZ,2016,Consumer Services,Rental/Leasing Companies
MRT,2016,Consumer Services,Real Estate Investment Trusts
MGP,2016,Consumer Services,Real Estate Investment Trusts
QCP,2016,Consumer Services,Real Estate Investment Trusts
YUMC,2016,Consumer Services,Restaurants
ARCH,2016,Energy,Coal Mining
NBLX,2016,Energy,Natural Gas Distribution
SD,2016,Energy,Oil & Gas Production
NTB,2016,Finance,Commercial Banks
FBK,2016,Finance,Major Banks
SUPV,2016,Finance,Commercial Banks
LMHA,2016,Finance,Investment Managers
MDLX,2016,Finance,Investment Managers
OMAA,2016,Finance,Investment Managers
RZB,2016,Finance,Life Insurance
WALA,2016,Finance,Major Banks
ARA,2016,Health Care,Hospital/Nursing Management
KDMN,2016,Health Care,Major Pharmaceuticals
MYOV,2016,Health Care,Major Pharmaceuticals
PTHN,2016,Health Care,Major Pharmaceuticals
QHC,2016,Health Care,Hospital/Nursing Management
ATKR,2016,Miscellaneous,Industrial Machinery/Components
COTV,2016,Miscellaneous,Business Services
LKSD,2016,Miscellaneous,Publishing
ADSW,2016,Public Utilities,Environmental Services
WAAS,2016,Public Utilities,Water Supply
AZRE,2016,Public Utilities,Electric Utilities: Central
EBR,2016,Public Utilities,Electric Utilities: Central
DCUD,2016,Public Utilities,Electric Utilities: Central
DRUA,2016,Public Utilities,Electric Utilities: Central
DTJ,2016,Public Utilities,Electric Utilities: Central
DTV,2016,Public Utilities,Electric Utilities: Central
DYNC,2016,Public Utilities,Electric Utilities: Central
ENIC,2016,Public Utilities,Electric Utilities: Central
EAI,2016,Public Utilities,Electric Utilities: Central
ELC,2016,Public Utilities,Electric Utilities: Central
EMP,2016,Public Utilities,Electric Utilities: Central
ENO,2016,Public Utilities,Power Generation
FTS,2016,Public Utilities,Electric Utilities: Central
CTAA,2016,Public Utilities,Telecommunications Equipment
CTBB,2016,Public Utilities,Telecommunications Equipment
SOJB,2016,Public Utilities,Electric Utilities: Central
LN,2016,Technology,"Computer Software: Programming, Data Processing"
MFS,2016,Technology,Industrial Machinery/Components
TRTN,2016,Technology,Diversified Commercial Services
TWLO,2016,Technology,Computer Software: Prepackaged Software
ZTO,2016,Transportation,Trucking Freight/Courier Services