OASM,2015,Health Care,Major Pharmaceuticals
IPDN,2013,Technology,"Computer Software: Programming, Data Processing"
CBLI,2006,Health Care,Biotechnology: Commercial Physical & Biological Resarch
OCLS,2007,Health Care,Major Pharmaceuticals
DRWI,2009,Public Utilities,Telecommunications Equipment
EVOK,2013,Health Care,Major Pharmaceuticals
HLG,2015,Consumer Services,Other Consumer Services
SBSA,1999,Consumer Services,Broadcasting
LMFA,2015,Finance,Finance: Consumer Services
TKAI,2014,Health Care,Major Pharmaceuticals
AMMA,2016,Consumer Services,Services-Misc. Amusement & Recreation
EARS,2014,Health Care,Major Pharmaceuticals
NVET,2015,Health Care,Major Pharmaceuticals
TANH,2015,Basic Industries,Major Chemicals
EVOL,1998,Technology,EDP Services
KMPH,2015,Health Care,Major Pharmaceuticals
TACT,1996,Technology,Computer peripheral equipment
ANDA,2015,Finance,Business Services
ECAC,2015,Finance,Business Services
OCRX,2011,Health Care,Major Pharmaceuticals
BSQR,1999,Miscellaneous,Business Services
MVIS,1996,Capital Goods,Industrial Machinery/Components
RWLK,2014,Health Care,Industrial Specialties
WYIG,2015,Finance,Business Services
WYIGU,2015,Finance,Business Services
SKIS,2014,Consumer Services,Hotels/Resorts
BBRG,2010,Consumer Services,Restaurants
MHGC,2006,Consumer Services,Hotels/Resorts
HIIQ,2013,Finance,Specialty Insurers
PAAC,2015,Finance,Business Services
MAGS,1993,Consumer Durables,Telecommunications Equipment
HBIO,2000,Capital Goods,Biotechnology: Laboratory Analytical Instruments
ATMR,2016,Technology,Semiconductors
HCM,2016,Health Care,Major Pharmaceuticals
DRAD,2004,Health Care,Biotechnology: Electromedical & Electrotherapeutic Apparatus
GAIA,1999,Consumer Services,Movies/Entertainment
HDRA,2014,Technology,Computer Software: Prepackaged Software
FRSH,2014,Consumer Services,Restaurants
CPAA,2016,Finance,Business Services
KLRE,2016,Finance,Business Services
IRMD,2014,Health Care,Medical/Dental Instruments
ARWA,2015,Finance,Business Services
TYHT,2016,Consumer Non-Durables,Farming/Seeds/Milling
VBLT,2014,Health Care,Major Pharmaceuticals
KONA,2005,Consumer Services,Restaurants
IPAS,2003,Technology,EDP Services
ISTR,2014,Finance,Major Banks
BBGI,2000,Consumer Services,Broadcasting
TLND,2016,Technology,Computer Software: Prepackaged Software
XENE,2014,Health Care,Major Pharmaceuticals
ROIA,1999,Consumer Services,Broadcasting
NDLS,2013,Consumer Services,Restaurants
YIN,2016,Finance,Investment Bankers/Brokers/Service
MDWD,2014,Consumer Durables,Specialty Chemicals
PFSW,1999,Miscellaneous,Business Services
UPLD,2014,Technology,Computer Software: Prepackaged Software
HRMN,2015,Finance,Business Services
PAVM,2016,Health Care,Medical/Dental Instruments
GUID,2006,Technology,Computer Software: Prepackaged Software
TRTLU,2014,Finance,Business Services
GPAC,2015,Finance,Business Services
MIII,2016,Finance,Business Services
WMAR,1993,Consumer Durables,Automotive Aftermarket
ITEK,2015,Health Care,Major Pharmaceuticals
GPIA,2015,Consumer Durables,Home Furnishings
VTVT,2015,Health Care,Major Pharmaceuticals
TVIA,2011,Basic Industries,Major Chemicals
CCRC,2015,Miscellaneous,Business Services
LCA,2016,Finance,Business Services
ELEC,2015,Finance,Business Services
EACQ,2015,Capital Goods,Building Products
ELECU,2015,Finance,Business Services
CLACU,2015,Finance,Business Services
GLUU,2007,Technology,EDP Services
PERY,1993,Consumer Non-Durables,Apparel
HCCI,2008,Basic Industries,Miscellaneous
AXAR,2014,Finance,Business Services
FRPT,2014,Consumer Non-Durables,Packaged Foods
KPTI,2013,Health Care,Major Pharmaceuticals
PMTS,2015,Finance,Finance Companies
CETV,1994,Consumer Services,Broadcasting
MGIC,1991,Technology,Computer Software: Prepackaged Software
HTBI,2012,Finance,Savings Institutions
BCRX,1994,Health Care,Biotechnology: Biological Products (No Diagnostic Substances)
BZUN,2015,Consumer Services,Catalog/Specialty Distribution
TNGO,2011,Technology,Computer Software: Prepackaged Software
ABTX,2015,Finance,Major Banks
BGFV,2002,Consumer Services,Other Specialty Stores
OKSB,1993,Finance,Major Banks
WIFI,2011,Consumer Services,Telecommunications Equipment
GNBC,2014,Finance,Major Banks
CLAC,2015,Finance,Business Services
CLSD,2016,Health Care,Major Pharmaceuticals
NILE,2004,Consumer Services,Consumer Specialties
QPAC,2015,Finance,Business Services
TAST,2006,Consumer Services,Restaurants
BLVD,2015,Finance,Business Services
DGICB,1986,Finance,Property-Casualty Insurers
RPXC,2011,Miscellaneous,Multi-Sector Companies
EPZM,2013,Health Care,Major Pharmaceuticals
RECN,2000,Miscellaneous,Business Services
HONE,2016,Finance,Major Banks
SODA,2010,Consumer Durables,Consumer Electronics/Appliances
TUSK,2016,Energy,Oilfield Services/Equipment
FLXN,2014,Health Care,Major Pharmaceuticals
GRSH,2015,Consumer Non-Durables,Packaged Foods
PACE,2015,Finance,Business Services
FARO,1997,Capital Goods,Industrial Machinery/Components
EAGL,2015,Finance,Business Services
ORBC,2006,Consumer Services,Telecommunications Equipment
ARDX,2014,Health Care,Major Pharmaceuticals
ERII,2008,Technology,Industrial Machinery/Components
ECHO,2009,Transportation,Oil Refining/Marketing
FORR,1996,Consumer Services,Diversified Commercial Services
GPP,2015,Basic Industries,Major Chemicals
PLAB,1987,Technology,Semiconductors
OFIX,1992,Health Care,Medical/Dental Instruments
GBT,2015,Health Care,Major Pharmaceuticals
VRNS,2014,Technology,Computer Software: Prepackaged Software
CFCO,2016,Finance,Business Services
FMI,2013,Health Care,Medical Specialities
MNTA,2004,Health Care,Biotechnology: Biological Products (No Diagnostic Substances)
TRUE,2014,Technology,"Computer Software: Programming, Data Processing"
BPMC,2015,Health Care,Major Pharmaceuticals
CDEV,2016,Energy,Oil & Gas Production
SCSS,1998,Consumer Durables,Home Furnishings
IPCC,2003,Finance,Property-Casualty Insurers
ACOR,2006,Health Care,Biotechnology: Biological Products (No Diagnostic Substances)
RRR,2016,Consumer Services,Hotels/Resorts
GTLS,2006,Capital Goods,Metal Fabrications
SSYS,1994,Technology,Computer peripheral equipment
AMSF,2005,Finance,Property-Casualty Insurers
EIGI,2013,Technology,Computer Software: Prepackaged Software
ABAX,1992,Capital Goods,Industrial Machinery/Components
AMWD,1986,Basic Industries,Forest Products
ABCB,1994,Finance,Major Banks
COUP,2016,Technology,Computer Software: Prepackaged Software
TSEM,1994,Technology,Semiconductors
CBF,2012,Finance,Major Banks
ISCA,1996,Consumer Services,Services-Misc. Amusement & Recreation
WDFC,1973,Basic Industries,Major Chemicals
IIVI,1987,Capital Goods,Electronic Components
AHGP,2006,Energy,Coal Mining
MNRO,1991,Consumer Services,Automotive Aftermarket
COLB,1992,Finance,Major Banks
PEGI,2013,Public Utilities,Electric Utilities: Central
HAWK,2013,Finance,Finance: Consumer Services
SANM,1993,Technology,Electrical Products
SLAB,2000,Technology,Semiconductors
HCSG,1983,Health Care,Hospital/Nursing Management
LSTR,1993,Transportation,Trucking Freight/Courier Services
ISIL,2000,Technology,Semiconductors
XOG,2016,Energy,Oil & Gas Production
LOGI,1997,Technology,Computer peripheral equipment
PDCO,1992,Health Care,Medical Specialities
MIK,2014,Consumer Services,Recreational Products/Toys
MRVL,2000,Technology,Semiconductors
NTAP,1995,Technology,Electronic Components
CTRP,2003,Miscellaneous,Business Services
ILMN,2000,Capital Goods,Biotechnology: Laboratory Analytical Instruments
EBAY,1998,Miscellaneous,Business Services
NVDA,1999,Technology,Semiconductors
ESRX,1992,Health Care,Medical/Nursing Services
SBUX,1992,Consumer Services,Restaurants
AAPL,1980,Technology,Computer Manufacturing
JAGX,2015,Health Care,Major Pharmaceuticals
CFRX,2014,Health Care,Major Pharmaceuticals
ARQL,1996,Health Care,Major Pharmaceuticals
NVLS,2015,Health Care,Major Pharmaceuticals
LMIA,1998,Capital Goods,Military/Government/Technical
SPNC,1992,Health Care,Biotechnology: Electromedical & Electrotherapeutic Apparatus
NEOS,2015,Health Care,Major Pharmaceuticals
EGRX,2014,Health Care,Major Pharmaceuticals
SBBP,2015,Health Care,Major Pharmaceuticals
STAF,1996,Technology,Professional Services
STX,2002,Technology,Electronic Components
MTLS,2014,Technology,Computer Software: Prepackaged Software
ALOG,1972,Capital Goods,Electrical Products
SAFT,2002,Finance,Property-Casualty Insurers
AKAM,1999,Miscellaneous,Business Services
KBSF,2013,Consumer Non-Durables,Apparel
CYNO,2005,Health Care,Biotechnology: Electromedical & Electrotherapeutic Apparatus
ROKA,2014,Capital Goods,Biotechnology: Laboratory Analytical Instruments
XLRN,2013,Health Care,Biotechnology: Biological Products (No Diagnostic Substances)
ANTH,2010,Health Care,Major Pharmaceuticals
SUPN,2012,Health Care,Major Pharmaceuticals
HOLX,1990,Health Care,Medical Electronics
CAMT,2000,Capital Goods,Electronic Components
FNBC,2013,Finance,Major Banks
AIRG,2016,Technology,Radio And Television Broadcasting And Communications Equipment
SONC,1991,Consumer Services,Restaurants
PRTS,2007,Consumer Services,Other Specialty Stores
FGEN,2014,Health Care,Major Pharmaceuticals
ZYNE,2015,Health Care,Major Pharmaceuticals
DHRM,2010,Health Care,Medical/Dental Instruments
GNCA,2014,Health Care,Biotechnology: Biological Products (No Diagnostic Substances)
CZR,2012,Consumer Services,Hotels/Resorts
SMCI,2007,Technology,Computer Manufacturing
FOLD,2007,Health Care,Major Pharmaceuticals
EVEP,2006,Energy,Oil & Gas Production
LAND,2013,Consumer Services,Real Estate Investment Trusts
GSIT,2007,Technology,Semiconductors
KIN,2013,Health Care,Major Pharmaceuticals
FRTA,2016,Capital Goods,Building Materials
AVXS,2016,Health Care,Biotechnology: Biological Products (No Diagnostic Substances)
BNFT,2013,Technology,Computer Software: Prepackaged Software
BLDR,2005,Consumer Services,RETAIL: Building Materials
BMCH,2013,Consumer Services,RETAIL: Building Materials
MINI,1994,Capital Goods,Metal Fabrications
CPSS,1992,Finance,Finance: Consumer Services
ALOT,1983,Technology,Computer peripheral equipment
LABL,1987,Miscellaneous,Publishing
CALD,2003,Technology,EDP Services
CNMD,1987,Health Care,Biotechnology: Electromedical & Electrotherapeutic Apparatus
AAPC,2015,Consumer Services,Services-Misc. Amusement & Recreation
OPTT,2007,Public Utilities,Electric Utilities: Central
RICK,1995,Consumer Services,Restaurants
MCHX,2004,Miscellaneous,Business Services
TTD,2016,Technology,"Computer Software: Programming, Data Processing"
ROCK,1993,Capital Goods,Steel/Iron Ore
PTLA,2013,Health Care,Major Pharmaceuticals
PENN,1994,Consumer Services,Hotels/Resorts
BANF,1993,Finance,Major Banks
STEM,1992,Health Care,Biotechnology: Biological Products (No Diagnostic Substances)
FAST,1987,Consumer Services,RETAIL: Building Materials
CTAS,1983,Consumer Non-Durables,Apparel
MEMP,2011,Energy,Oil & Gas Production
JRVR,2014,Finance,Property-Casualty Insurers
CORI,2014,Health Care,Major Pharmaceuticals
MXIM,1988,Technology,Semiconductors
CTIC,1997,Health Care,Major Pharmaceuticals
DERM,2014,Health Care,Major Pharmaceuticals
SCOR,2007,Miscellaneous,Business Services
WHLR,2012,Consumer Services,Real Estate Investment Trusts
INGN,2014,Health Care,Industrial Specialties
ENFC,2014,Finance,Banks
SYKE,1996,Technology,EDP Services
TTMI,2000,Technology,Electrical Products
CLVS,2011,Health Care,Major Pharmaceuticals
KLAC,1980,Capital Goods,Electronic Components
ASFI,1995,Finance,Finance Companies
NSIT,1995,Consumer Services,Catalog/Specialty Distribution
AMGN,1983,Health Care,Biotechnology: Biological Products (No Diagnostic Substances)
CAFD,2015,Public Utilities,Electric Utilities: Central
MIME,2015,Technology,Computer Software: Prepackaged Software
IRBT,2005,Consumer Durables,Consumer Electronics/Appliances
AWRE,1996,Technology,Computer Software: Prepackaged Software
GTXI,2004,Health Care,Major Pharmaceuticals
MMYT,2010,Consumer Services,Transportation Services
MEDP,2016,Health Care,Biotechnology: Commercial Physical & Biological Resarch
GIII,1989,Consumer Non-Durables,Apparel
ADVM,2014,Health Care,Biotechnology: Biological Products (No Diagnostic Substances)
VVUS,1994,Health Care,Major Pharmaceuticals
FONR,1981,Health Care,Biotechnology: Electromedical & Electrotherapeutic Apparatus
IRG,2012,Consumer Services,Restaurants
AHPI,1992,Health Care,Industrial Specialties
CNSL,2005,Public Utilities,Telecommunications Equipment
IVAC,1995,Technology,Industrial Machinery/Components
SHLO,1993,Capital Goods,Industrial Specialties
CEMP,2012,Health Care,Major Pharmaceuticals
CCN,2015,Finance,Business Services
CENT,1993,Consumer Durables,Consumer Specialties
HSIC,1995,Health Care,Medical Specialities
ECYT,2011,Health Care,Major Pharmaceuticals
OPHT,2013,Health Care,Major Pharmaceuticals
SNMX,2004,Health Care,Biotechnology: Commercial Physical & Biological Resarch
HURN,2004,Consumer Services,Professional Services
IMDZ,2014,Health Care,Major Pharmaceuticals
CSGS,1996,Technology,EDP Services
AREX,2007,Energy,Oil & Gas Production
INFN,2007,Public Utilities,Telecommunications Equipment
ASTE,1986,Capital Goods,Construction/Ag Equipment/Trucks
CCMP,2000,Technology,Semiconductors
IRIX,1996,Health Care,Biotechnology: Electromedical & Electrotherapeutic Apparatus
OSIS,1997,Technology,Semiconductors
XLNX,1990,Technology,Semiconductors
PTSI,1986,Transportation,Trucking Freight/Courier Services
OMCL,2001,Technology,Computer Manufacturing
FUEL,2013,Technology,"Computer Software: Programming, Data Processing"
GASS,2005,Transportation,Marine Transportation
CLMS,2004,Finance,Investment Bankers/Brokers/Service
CSTE,2012,Capital Goods,Building Materials
ICBK,2015,Finance,Major Banks
NWPX,1995,Basic Industries,Steel/Iron Ore
HDNG,1995,Capital Goods,Industrial Machinery/Components
BCBP,2005,Finance,Savings Institutions
MOMO,2014,Technology,Computer Software: Prepackaged Software
ROSG,2007,Health Care,Major Pharmaceuticals
MCHP,1993,Technology,Semiconductors
QLYS,2012,Technology,Computer Software: Prepackaged Software
SCHL,1992,Consumer Services,Books
CBYL,2015,Health Care,Major Pharmaceuticals
PRQR,2014,Health Care,Major Pharmaceuticals
BABY,2001,Health Care,Biotechnology: Electromedical & Electrotherapeutic Apparatus
CTXS,1995,Technology,Computer Software: Prepackaged Software
XRAY,1987,Health Care,Medical/Dental Instruments
BMRN,1999,Health Care,Major Pharmaceuticals
CHRS,2014,Health Care,Biotechnology: Biological Products (No Diagnostic Substances)
PRGS,1991,Technology,Computer Software: Prepackaged Software
GMLP,2011,Consumer Services,Marine Transportation
ALRM,2015,Technology,Computer Software: Prepackaged Software
ININ,1999,Technology,Computer Software: Prepackaged Software
TTEC,1996,Technology,Professional Services
PMBC,2000,Finance,Major Banks
MYGN,1995,Health Care,Biotechnology: In Vitro & In Vivo Diagnostic Substances
AMCN,2007,Technology,Advertising
FCFS,1991,Consumer Services,Other Specialty Stores
COKE,1972,Consumer Non-Durables,Beverages (Production/Distribution)
AXSM,2015,Health Care,Major Pharmaceuticals
VNOM,2014,Energy,Oil & Gas Production
OFED,2011,Finance,Savings Institutions
WLDN,2006,Consumer Services,Military/Government/Technical
PCRX,2011,Health Care,Major Pharmaceuticals
HUBG,1996,Transportation,Oil Refining/Marketing
FLDM,2011,Capital Goods,Biotechnology: Laboratory Analytical Instruments
BSFT,2010,Technology,Computer Software: Prepackaged Software
NAVG,1986,Finance,Property-Casualty Insurers
TTPH,2013,Health Care,Major Pharmaceuticals
JAKK,1996,Consumer Non-Durables,Recreational Products/Toys
CHKP,1996,Technology,Computer Software: Prepackaged Software
RMBS,1997,Technology,Semiconductors
XNET,2014,Technology,Computer Software: Prepackaged Software
BOFI,2005,Finance,Savings Institutions
KVHI,1996,Technology,Radio And Television Broadcasting And Communications Equipment
FOSL,1993,Consumer Non-Durables,Consumer Specialties
VRSK,2009,Technology,EDP Services
CDTX,2015,Health Care,Biotechnology: Biological Products (No Diagnostic Substances)
KOPN,1992,Technology,Semiconductors
FPRX,2013,Health Care,Major Pharmaceuticals
SAGE,2014,Health Care,Major Pharmaceuticals
ACRX,2011,Health Care,Major Pharmaceuticals
AQMS,2015,Basic Industries,Metal Fabrications
EYES,2014,Health Care,Biotechnology: Electromedical & Electrotherapeutic Apparatus
SFBS,2014,Finance,Major Banks
CLLS,2015,Health Care,Biotechnology: Biological Products (No Diagnostic Substances)
ALDR,2014,Health Care,Major Pharmaceuticals
PLCE,1997,Consumer Services,Clothing/Shoe/Accessory Stores
OSIR,2006,Health Care,Biotechnology: Biological Products (No Diagnostic Substances)
FIBK,2010,Finance,Major Banks
SBAC,1999,Consumer Services,Telecommunications Equipment
SAMG,2013,Finance,Investment Managers
HTHT,2010,Consumer Services,Hotels/Resorts
QNST,2010,Miscellaneous,Business Services
SFLY,2006,Miscellaneous,Other Consumer Services
LLTC,1986,Technology,Semiconductors
SGOC,2010,Technology,Radio And Television Broadcasting And Communications Equipment
ZLTQ,2011,Health Care,Biotechnology: Electromedical & Electrotherapeutic Apparatus
AGTC,2014,Health Care,Biotechnology: Biological Products (No Diagnostic Substances)
RGLS,2012,Health Care,Major Pharmaceuticals
GOV,2009,Finance,Real Estate
PRAA,2002,Finance,Finance: Consumer Services
GIFI,1997,Capital Goods,Metal Fabrications
AKAO,2014,Health Care,Major Pharmaceuticals
SIEN,2014,Health Care,Industrial Specialties
GLYC,2014,Health Care,Major Pharmaceuticals
MBLX,2006,Basic Industries,Containers/Packaging
SALM,1999,Consumer Services,Broadcasting
NXTM,2005,Health Care,Biotechnology: Electromedical & Electrotherapeutic Apparatus
GWRS,2016,Public Utilities,Water Supply
HTLD,1986,Transportation,Trucking Freight/Courier Services
MANT,2002,Consumer Services,Other Consumer Services
CSCO,1990,Technology,Computer Communications Equipment
EGOV,1999,Miscellaneous,Business Services
PVBC,2015,Finance,Savings Institutions
PINC,2013,Consumer Services,Other Consumer Services
ONTX,2013,Health Care,Major Pharmaceuticals
SYMC,1989,Technology,Computer Software: Prepackaged Software
TRTL,2014,Finance,Business Services
ULTA,2007,Consumer Services,Other Specialty Stores
ETSY,2015,Miscellaneous,Business Services
SKYW,1986,Transportation,Air Freight/Delivery Services
CAPN,2014,Health Care,Biotechnology: Electromedical & Electrotherapeutic Apparatus
PFMT,2012,Consumer Services,Other Consumer Services
CYBR,2014,Technology,Computer Software: Prepackaged Software
RBCN,2007,Technology,Semiconductors
ONCE,2015,Health Care,Biotechnology: Biological Products (No Diagnostic Substances)
NXST,2003,Consumer Services,Broadcasting
DRRX,2000,Health Care,Major Pharmaceuticals
ADAP,2015,Health Care,Biotechnology: Biological Products (No Diagnostic Substances)
LRCX,1984,Technology,Industrial Machinery/Components
PRTO,2014,Health Care,Biotechnology: Biological Products (No Diagnostic Substances)
ENZY,2013,Consumer Durables,Specialty Chemicals
GMAN,2010,Consumer Services,Clothing/Shoe/Accessory Stores
FLGT,2016,Health Care,Medical Specialities
NCIT,2005,Technology,EDP Services
INFO,1996,Technology,"Computer Software: Programming, Data Processing"
CVGI,2004,Capital Goods,Auto Parts:O.E.M.
NH,2016,Technology,EDP Services
NWBI,2009,Finance,Major Banks
EXLS,2006,Miscellaneous,Business Services
HMHC,2013,Consumer Services,Books
XOMA,1986,Health Care,Major Pharmaceuticals
STMP,1999,Miscellaneous,Business Services
OCUL,2014,Health Care,Major Pharmaceuticals
DMTX,2015,Health Care,Biotechnology: Biological Products (No Diagnostic Substances)
SIMO,2005,Technology,Semiconductors
LEDS,2010,Technology,Semiconductors
OLLI,2015,Consumer Services,Department/Specialty Retail Stores
TROW,1986,Finance,Investment Bankers/Brokers/Service
TTOO,2014,Health Care,Medical/Dental Instruments
TRIB,1992,Health Care,Biotechnology: In Vitro & In Vivo Diagnostic Substances
PFBI,1996,Finance,Major Banks
EGLT,2014,Health Care,Major Pharmaceuticals
FNGN,2010,Finance,Investment Managers
RNWK,1997,Technology,EDP Services
ROLL,2005,Capital Goods,Metal Fabrications
ABCO,2001,Consumer Services,Other Consumer Services
DGAS,1981,Public Utilities,Oil & Gas Production
NEOT,2014,Health Care,Major Pharmaceuticals
RAIL,2005,Capital Goods,Railroads
PLAY,2014,Consumer Services,Restaurants
SNCR,2006,Technology,EDP Services
CYBE,1987,Capital Goods,Electronic Components
TWOU,2014,Technology,Computer Software: Prepackaged Software
ANDAU,2015,Finance,Business Services
EMKR,1997,Technology,Semiconductors
EVAR,2014,Health Care,Medical/Dental Instruments
SNAK,1996,Consumer Non-Durables,Packaged Foods
WSTC,2013,Miscellaneous,Business Services
CLCT,1999,Miscellaneous,Business Services
SYNT,1997,Technology,EDP Services
IVTY,2015,Health Care,Medical/Dental Instruments
RTIX,2000,Health Care,Industrial Specialties
WERN,1986,Transportation,Trucking Freight/Courier Services
ALLT,2006,Technology,Computer Communications Equipment
NTGR,2003,Public Utilities,Telecommunications Equipment
QURE,2014,Health Care,Major Pharmaceuticals
HTGM,2015,Capital Goods,Biotechnology: Laboratory Analytical Instruments
LAYN,1992,Basic Industries,Engineering & Construction
FNWB,2015,Finance,Banks
CUTR,2004,Health Care,Biotechnology: Electromedical & Electrotherapeutic Apparatus
AKER,2014,Health Care,Biotechnology: In Vitro & In Vivo Diagnostic Substances
ARLP,1999,Energy,Coal Mining
MESO,2015,Health Care,Biotechnology: Biological Products (No Diagnostic Substances)
VTL,2014,Health Care,Major Pharmaceuticals
ABTL,1999,Technology,"Computer Software: Programming, Data Processing"
DLTR,1995,Consumer Services,Department/Specialty Retail Stores
WIX,2013,Technology,"Computer Software: Programming, Data Processing"
CLDC,2014,Finance,Diversified Financial Services
WLFC,1996,Consumer Durables,Industrial Specialties
ISNS,1995,Capital Goods,Industrial Machinery/Components
HMSY,1992,Miscellaneous,Business Services
UFPI,1993,Basic Industries,Forest Products
ENOC,2007,Technology,"Computer Software: Programming, Data Processing"
ARIA,1994,Health Care,Biotechnology: Biological Products (No Diagnostic Substances)
AMDA,2014,Health Care,Medical/Dental Instruments
AMTD,1997,Finance,Investment Bankers/Brokers/Service
VALU,1983,Finance,Investment Managers
AXTI,1998,Technology,Semiconductors
TSRA,2003,Technology,Semiconductors
ABY,2014,Public Utilities,Electric Utilities: Central
RSYS,1995,Technology,Computer peripheral equipment
POWI,1997,Technology,Semiconductors
AQXP,2014,Health Care,Major Pharmaceuticals
PARN,2014,Health Care,Major Pharmaceuticals
SMSI,1995,Technology,Computer Software: Prepackaged Software
BWFG,2014,Finance,Major Banks
GWPH,2013,Health Care,Major Pharmaceuticals
CALM,1996,Consumer Non-Durables,Farming/Seeds/Milling
INNL,2014,Health Care,Major Pharmaceuticals
TERP,2014,Public Utilities,Electric Utilities: Central
CDXS,2010,Basic Industries,Major Chemicals
AGIO,2013,Health Care,Major Pharmaceuticals
ARGS,2014,Health Care,Major Pharmaceuticals
ACAT,1990,Capital Goods,Industrial Specialties
TORM,1988,Basic Industries,Major Chemicals
VIRT,2015,Finance,Investment Bankers/Brokers/Service
VBTX,2014,Finance,Major Banks
SCAI,2013,Health Care,Medical Specialities
AEIS,1995,Capital Goods,Industrial Machinery/Components
MATW,1994,Capital Goods,Metal Fabrications
QTNT,2014,Health Care,Biotechnology: In Vitro & In Vivo Diagnostic Substances
CNCE,2014,Health Care,Major Pharmaceuticals
CSTR,2016,Finance,Major Banks
BLMN,2012,Consumer Services,Restaurants
MDVX,2015,Health Care,Medical/Dental Instruments
IMGN,1989,Health Care,Major Pharmaceuticals
GPRO,2014,Miscellaneous,Industrial Machinery/Components
BNTC,2015,Health Care,Major Pharmaceuticals
XONE,2013,Capital Goods,Industrial Machinery/Components
BLUE,2013,Health Care,Biotechnology: Biological Products (No Diagnostic Substances)
UFPT,1993,Capital Goods,Containers/Packaging
VRTX,1991,Health Care,Major Pharmaceuticals
PZRX,2016,Health Care,Major Pharmaceuticals
NEOG,1989,Health Care,Biotechnology: In Vitro & In Vivo Diagnostic Substances
SAFM,1987,Consumer Non-Durables,Meat/Poultry/Fish
CHFN,2010,Finance,Savings Institutions
QUNR,2013,Technology,"Computer Software: Programming, Data Processing"
LOPE,2008,Consumer Services,Other Consumer Services
MSTR,1998,Technology,Computer Software: Prepackaged Software
AUDC,1999,Public Utilities,Telecommunications Equipment
SCTY,2012,Basic Industries,Engineering & Construction
LLNW,2007,Miscellaneous,Business Services
VKTX,2015,Health Care,Major Pharmaceuticals
RDUS,2014,Health Care,Major Pharmaceuticals
IRWD,2010,Health Care,Major Pharmaceuticals
CERN,1986,Technology,EDP Services
SHOO,1993,Consumer Non-Durables,Shoe Manufacturing
EFII,1992,Technology,Computer Communications Equipment
LCUT,1991,Capital Goods,Industrial Machinery/Components
HQY,2014,Miscellaneous,Business Services
PAYX,1983,Consumer Services,Diversified Commercial Services
TNDM,2007,Health Care,Medical/Dental Instruments
KIRK,2002,Consumer Services,Other Specialty Stores
WBMD,2005,Miscellaneous,Business Services
EHTH,2006,Finance,Specialty Insurers
FEYE,2013,Technology,Computer peripheral equipment
YY,2012,Technology,EDP Services
CARA,2014,Health Care,Major Pharmaceuticals
AFH,2013,Finance,Property-Casualty Insurers
AMBA,2012,Technology,Semiconductors
AGRX,2014,Health Care,Major Pharmaceuticals
FIVE,2012,Consumer Services,Department/Specialty Retail Stores
CMRX,2013,Health Care,Major Pharmaceuticals
MLNX,2007,Technology,Semiconductors
ITRI,1993,Capital Goods,Electrical Products
EXA,2012,Technology,Computer Software: Prepackaged Software
MTSI,2012,Technology,Semiconductors
TRHC,2016,Miscellaneous,Business Services
KMDA,2013,Health Care,Major Pharmaceuticals
UNFI,1996,Consumer Non-Durables,Food Distributors
CTIB,1997,Basic Industries,Specialty Chemicals
PBNC,2016,Finance,Major Banks
TITN,2007,Consumer Services,Other Specialty Stores
YECO,2015,Capital Goods,Building Materials
EXAS,2001,Health Care,Biotechnology: Commercial Physical & Biological Resarch
MCFT,2015,Capital Goods,Marine Transportation
INOV,2015,Technology,EDP Services
BLPH,2015,Health Care,Major Pharmaceuticals
CRZO,1997,Energy,Oil & Gas Production
BKEP,2011,Energy,Natural Gas Distribution
BLMT,2011,Finance,Major Banks
FISV,1986,Technology,EDP Services
CRAI,1998,Miscellaneous,Other Consumer Services
NATH,1993,Consumer Services,Restaurants
CATM,2007,Miscellaneous,Business Services
TTEK,1991,Consumer Services,Military/Government/Technical
EQBK,2015,Finance,Major Banks
VCYT,2013,Health Care,Medical Specialities
PULM,2014,Health Care,Major Pharmaceuticals
PTCT,2013,Health Care,Major Pharmaceuticals
RTTR,2015,Health Care,Major Pharmaceuticals
RP,2010,Technology,Computer Software: Prepackaged Software
SGMA,1994,Technology,Electrical Products
FWP,2014,Health Care,Major Pharmaceuticals
IMMR,1999,Technology,Computer peripheral equipment
STML,2013,Health Care,Major Pharmaceuticals
CRTO,2013,Technology,Advertising
JJSF,1986,Consumer Non-Durables,Specialty Foods
DTLK,1999,Technology,EDP Services
PODD,2007,Health Care,Medical/Dental Instruments
TTGT,2007,Miscellaneous,Business Services
LOGM,2009,Technology,Computer Software: Prepackaged Software
CREE,1993,Technology,Semiconductors
KITE,2014,Health Care,Biotechnology: Biological Products (No Diagnostic Substances)
VRNT,2002,Technology,EDP Services
AMKR,1998,Technology,Semiconductors
OBLN,2016,Health Care,Medical/Dental Instruments
ELON,1998,Technology,Computer Communications Equipment
ENTG,2000,Consumer Non-Durables,Plastic Products
PCTY,2014,Technology,Computer Software: Prepackaged Software
ZGNX,2010,Health Care,Major Pharmaceuticals
VISN,2007,Technology,Advertising
DSPG,1994,Technology,Semiconductors
BVSN,1996,Technology,Computer Software: Prepackaged Software
ICUI,1992,Health Care,Medical/Dental Instruments
RDCM,1997,Technology,Computer peripheral equipment
IGLD,1999,Public Utilities,Telecommunications Equipment
PEGA,1996,Technology,EDP Services
SYNA,2002,Technology,EDP Services
CSOD,2011,Technology,Computer Software: Prepackaged Software
CNV,2014,Consumer Services,Catalog/Specialty Distribution
CAKE,1992,Consumer Services,Restaurants
SMTX,2000,Technology,Electrical Products
CERU,2014,Health Care,Major Pharmaceuticals
ICCC,1987,Health Care,Biotechnology: In Vitro & In Vivo Diagnostic Substances
MRLN,2003,Finance,Major Banks
TNAV,2010,Capital Goods,Industrial Machinery/Components
AGFS,2014,Finance,Business Services
JD,2014,Consumer Services,Other Specialty Stores
SBGI,1995,Consumer Services,Broadcasting
WB,2014,Technology,"Computer Software: Programming, Data Processing"
LPTH,1996,Technology,Semiconductors
HCAC,2015,Finance,Business Services
SNDX,2016,Health Care,Major Pharmaceuticals
CVLT,2006,Technology,Computer Software: Prepackaged Software
JASO,2007,Technology,Semiconductors
VA,2014,Transportation,Air Freight/Delivery Services
PTI,2016,Health Care,Major Pharmaceuticals
WATT,2014,Technology,Radio And Television Broadcasting And Communications Equipment
RARE,2014,Health Care,Major Pharmaceuticals
WMGI,2011,Health Care,Industrial Specialties
BWLD,2003,Consumer Services,Restaurants
BECN,2004,Consumer Services,RETAIL: Building Materials
ROST,1985,Consumer Services,Clothing/Shoe/Accessory Stores
MNKD,2004,Health Care,Major Pharmaceuticals
CTHR,1997,Consumer Durables,Consumer Specialties
AMRS,2010,Basic Industries,Major Chemicals
INCR,2014,Health Care,Biotechnology: Commercial Physical & Biological Resarch
VICL,1993,Health Care,Biotechnology: Biological Products (No Diagnostic Substances)
LTRX,2000,Technology,Computer Communications Equipment
ALGT,2006,Transportation,Air Freight/Delivery Services
ZEUS,1994,Basic Industries,Metal Fabrications
RIGL,2000,Health Care,Major Pharmaceuticals
OMAB,2006,Transportation,Aerospace
CNBKA,1987,Finance,Major Banks
ORPN,2014,Health Care,Major Pharmaceuticals
ISRL,1983,Energy,Oil & Gas Production
ZNGA,2011,Technology,EDP Services
UCTT,2004,Technology,Semiconductors
SGMO,2000,Health Care,Biotechnology: Biological Products (No Diagnostic Substances)
FSAM,2014,Finance,Investment Managers
HTBX,2013,Health Care,Major Pharmaceuticals
LMRK,2014,Consumer Services,Real Estate
MRNS,2014,Health Care,Major Pharmaceuticals
EXEL,2000,Health Care,Biotechnology: Commercial Physical & Biological Resarch
TUES,1999,Consumer Services,Department/Specialty Retail Stores
MDCO,2000,Health Care,Major Pharmaceuticals
ISIG,1991,Consumer Services,Advertising
MBUU,2014,Capital Goods,Marine Transportation
ISRG,2000,Health Care,Industrial Specialties
MKSI,1999,Capital Goods,Industrial Machinery/Components
LYTS,1985,Consumer Durables,Building Products
EQIX,2000,Consumer Services,Real Estate Investment Trusts
ORLY,1993,Consumer Services,Other Specialty Stores
MCUR,2014,Health Care,Biotechnology: Biological Products (No Diagnostic Substances)
NVEE,2013,Consumer Services,Other Consumer Services
ESPR,2013,Health Care,Major Pharmaceuticals
ZAIS,2013,Finance,Investment Managers
CHEK,2015,Health Care,Medical Electronics
ACAD,1985,Health Care,Major Pharmaceuticals
TCBI,2003,Finance,Major Banks
NTCT,1999,Technology,EDP Services
ALXN,1996,Health Care,Major Pharmaceuticals
ETRM,2007,Health Care,Biotechnology: Electromedical & Electrotherapeutic Apparatus
DISH,1995,Consumer Services,Television Services
MOBI,2010,Technology,Computer Software: Prepackaged Software
AVID,1993,Technology,Computer Software: Prepackaged Software
NUTR,1998,Consumer Durables,Specialty Chemicals
TXRH,2004,Consumer Services,Restaurants
TBNK,2009,Finance,Savings Institutions
BGNE,2016,Health Care,Major Pharmaceuticals
ELOS,2004,Health Care,Biotechnology: Electromedical & Electrotherapeutic Apparatus
DTEA,2015,Consumer Non-Durables,Food Chains
LNTH,2015,Health Care,Biotechnology: In Vitro & In Vivo Diagnostic Substances
CTRL,2013,Capital Goods,Electrical Products
INTU,1993,Technology,Computer Software: Prepackaged Software
TECD,1986,Technology,Retail: Computer Software & Peripheral Equipment
MRUS,2016,Health Care,Major Pharmaceuticals
IDTI,1984,Technology,Semiconductors
CLMT,2006,Energy,Integrated oil Companies
DSWL,1995,Consumer Non-Durables,Plastic Products
PLUG,1999,Energy,Industrial Machinery/Components
LPLA,2010,Finance,Investment Bankers/Brokers/Service
MDSO,2009,Technology,Computer Software: Prepackaged Software
DGII,1989,Technology,Computer Communications Equipment
SIGM,1986,Technology,Semiconductors
JUNO,2014,Health Care,Biotechnology: Biological Products (No Diagnostic Substances)
MPEL,2006,Consumer Services,Hotels/Resorts
CCCR,2013,Finance,Major Banks
DAIO,1981,Capital Goods,Electrical Products
FBNK,2011,Finance,Banks
LQDT,2006,Miscellaneous,Business Services
TUBE,2014,Technology,Computer Software: Prepackaged Software
MASI,2007,Health Care,Biotechnology: Electromedical & Electrotherapeutic Apparatus
SMRT,1992,Consumer Services,Clothing/Shoe/Accessory Stores
CISG,2007,Finance,Specialty Insurers
DPRX,2014,Health Care,Major Pharmaceuticals
OXFD,2013,Health Care,Biotechnology: In Vitro & In Vivo Diagnostic Substances
PZZA,1993,Consumer Services,Restaurants
FOMX,2014,Consumer Durables,Specialty Chemicals
NCOM,2015,Finance,Major Banks
HZNP,2011,Health Care,Major Pharmaceuticals
EDGE,2015,Health Care,Major Pharmaceuticals
CGEN,2000,Health Care,Biotechnology: Biological Products (No Diagnostic Substances)
PTIE,2000,Health Care,Major Pharmaceuticals
CTRN,2005,Consumer Services,Clothing/Shoe/Accessory Stores
CRVS,2016,Health Care,Major Pharmaceuticals
OPGN,2015,Health Care,Medical Specialities
AKBA,2014,Health Care,Major Pharmaceuticals
CCXI,2012,Health Care,Major Pharmaceuticals
RNET,2010,Consumer Services,Telecommunications Equipment
CVTI,1994,Transportation,Trucking Freight/Courier Services
HOMB,2006,Finance,Major Banks
OXBR,2014,Finance,Property-Casualty Insurers
TRVN,2014,Health Care,Major Pharmaceuticals
OMED,2013,Health Care,Major Pharmaceuticals
TOUR,2014,Consumer Services,Transportation Services
SELB,2016,Health Care,Major Pharmaceuticals
TSLA,2010,Capital Goods,Auto Manufacturing
ADUS,2009,Health Care,Medical/Nursing Services
EQFN,2015,Finance,Savings Institutions
LIOX,1999,Miscellaneous,Business Services
TISA,1996,Technology,Computer peripheral equipment
RMTI,1998,Health Care,Biotechnology: Electromedical & Electrotherapeutic Apparatus
JIVE,2011,Technology,EDP Services
GRPN,2011,Technology,Advertising
SLGN,1997,Consumer Durables,Containers/Packaging
MORN,2005,Finance,Investment Managers
NCTY,2004,Miscellaneous,Business Services
CTSH,1998,Technology,EDP Services
BLKB,2004,Technology,Computer Software: Prepackaged Software
ACIA,2016,Technology,Semiconductors
MIRN,2015,Health Care,Major Pharmaceuticals
KRNT,2015,Capital Goods,Industrial Machinery/Components
AMAT,1972,Technology,Semiconductors
THLD,2005,Health Care,Major Pharmaceuticals
MENT,1984,Technology,EDP Services
PETX,2013,Health Care,Major Pharmaceuticals
CONN,2003,Consumer Services,Consumer Electronics/Video Chains
IOTS,2015,Technology,Semiconductors
ALNY,2004,Health Care,Major Pharmaceuticals
CPST,2000,Energy,Industrial Machinery/Components
MOBL,2014,Technology,Computer Software: Prepackaged Software
ADMS,2014,Health Care,Major Pharmaceuticals
SFM,2013,Consumer Services,Food Chains
CBRL,1981,Consumer Services,Restaurants
NOVN,2016,Health Care,Major Pharmaceuticals
MPWR,2004,Technology,Semiconductors
TGLS,2012,Consumer Durables,Electronic Components
APEI,2007,Consumer Services,Other Consumer Services
FOGO,2015,Consumer Services,Restaurants
PFPT,2012,Technology,EDP Services
ICPT,2012,Health Care,Major Pharmaceuticals
FNSR,1999,Technology,Semiconductors
DFRG,2012,Consumer Services,Restaurants
BBSI,1993,Technology,Professional Services
WSTL,1995,Public Utilities,Telecommunications Equipment
CHEF,2011,Consumer Non-Durables,Food Distributors
PBPB,2013,Consumer Services,Restaurants
TCMD,2016,Health Care,Medical/Dental Instruments
JVA,2005,Consumer Non-Durables,Food Distributors
NUVA,2004,Health Care,Medical/Dental Instruments
HSII,1999,Technology,Diversified Commercial Services
GERN,1996,Health Care,Major Pharmaceuticals
CAVM,2007,Technology,Semiconductors
OMER,2009,Health Care,Major Pharmaceuticals
BONT,1991,Consumer Services,Department/Specialty Retail Stores
BLBD,2014,Capital Goods,Construction/Ag Equipment/Trucks
NVMI,2000,Capital Goods,Electronic Components
MBRX,2016,Health Care,Major Pharmaceuticals
CRUS,1989,Technology,Semiconductors
SYRS,2016,Health Care,Major Pharmaceuticals
FRED,1992,Consumer Services,Department/Specialty Retail Stores
JYNT,2014,Miscellaneous,Multi-Sector Companies
JCOM,1999,Technology,Telecommunications Equipment
REGI,2012,Basic Industries,Major Chemicals
SAVE,2011,Transportation,Air Freight/Delivery Services
VYGR,2015,Health Care,Biotechnology: Biological Products (No Diagnostic Substances)
PRAH,2014,Health Care,Biotechnology: Commercial Physical & Biological Resarch
NXPI,2010,Technology,Semiconductors
ONVI,2000,Miscellaneous,Business Services
ZBRA,1991,Technology,Industrial Machinery/Components
PTEN,1993,Energy,Oil & Gas Production
FORK,2015,Consumer Non-Durables,Plastic Products
CY,1986,Technology,Semiconductors
HSKA,1997,Health Care,Biotechnology: Biological Products (No Diagnostic Substances)
PDVW,2015,Public Utilities,Telecommunications Equipment
SRDX,1998,Health Care,Medical/Dental Instruments
DCTH,2000,Health Care,Medical/Dental Instruments
CME,2002,Finance,Investment Bankers/Brokers/Service
BRCD,1999,Technology,Computer Communications Equipment
CMCO,1996,Capital Goods,Construction/Ag Equipment/Trucks
PUB,2015,Finance,Major Banks
NATI,1995,Technology,Computer Software: Prepackaged Software
CFMS,2015,Health Care,Industrial Specialties
VSAT,1996,Technology,Radio And Television Broadcasting And Communications Equipment
PRXL,1995,Health Care,Biotechnology: Commercial Physical & Biological Resarch
CPSI,2002,Technology,EDP Services
LMAT,2006,Health Care,Medical/Dental Instruments
TBK,2014,Finance,Major Banks
CYTK,2004,Health Care,Major Pharmaceuticals
VSAR,2014,Health Care,Major Pharmaceuticals
PVTB,1999,Finance,Major Banks
CERC,2015,Health Care,Major Pharmaceuticals
VWR,2014,Consumer Durables,Diversified Electronic Products
PRMW,2010,Consumer Non-Durables,Food Distributors
LJPC,1994,Health Care,Biotechnology: Biological Products (No Diagnostic Substances)
AAOI,2013,Technology,Semiconductors
PGNX,1997,Health Care,Major Pharmaceuticals
ASND,2015,Health Care,Major Pharmaceuticals
GEVO,2011,Basic Industries,Major Chemicals
PTGX,2016,Health Care,Major Pharmaceuticals
SKYS,2014,Public Utilities,Electric Utilities: Central
HABT,2014,Consumer Services,Restaurants
MANH,1998,Technology,Computer Software: Prepackaged Software
LUNA,2006,Health Care,Biotechnology: Commercial Physical & Biological Resarch
CCLP,2011,Energy,Oilfield Services/Equipment
LNDC,1996,Basic Industries,Major Chemicals
EXAC,1996,Health Care,Industrial Specialties
OSTK,2002,Consumer Services,Catalog/Specialty Distribution
BOLD,2016,Health Care,Biotechnology: Biological Products (No Diagnostic Substances)
DAKT,1994,Consumer Durables,Miscellaneous manufacturing industries
OESX,2015,Consumer Durables,Building Products
TLOG,2013,Health Care,Major Pharmaceuticals
MIND,1994,Technology,Diversified Commercial Services
FHB,2016,Finance,Major Banks
AZPN,1994,Technology,EDP Services
FB,2012,Technology,"Computer Software: Programming, Data Processing"
FISI,1999,Finance,Major Banks
CACC,1992,Finance,Finance: Consumer Services
ENTL,2015,Health Care,Medical/Dental Instruments
HSGX,2014,Health Care,Industrial Specialties
CPLP,2007,Transportation,Marine Transportation
SPKE,2014,Public Utilities,Power Generation
LINC,2005,Consumer Services,Other Consumer Services
REGN,1991,Health Care,Major Pharmaceuticals
CPHD,2000,Capital Goods,Biotechnology: Laboratory Analytical Instruments
LIND,2013,Consumer Services,Transportation Services
CCRN,2001,Technology,Professional Services
CONE,2013,Consumer Services,Real Estate Investment Trusts
DVAX,2004,Health Care,Major Pharmaceuticals
ARNA,2000,Health Care,Major Pharmaceuticals
POOL,1995,Consumer Durables,Industrial Specialties
KONE,2010,Technology,EDP Services
MSG,2015,Consumer Services,Services-Misc. Amusement & Recreation
TTWO,1997,Technology,Computer Software: Prepackaged Software
NLNK,2011,Health Care,Major Pharmaceuticals
AMZN,1997,Consumer Services,Catalog/Specialty Distribution
COLL,2015,Health Care,Major Pharmaceuticals
BHBK,2014,Finance,Major Banks
NSTG,2013,Health Care,Biotechnology: Biological Products (No Diagnostic Substances)
NBIX,1996,Health Care,Biotechnology: Biological Products (No Diagnostic Substances)
URBN,1993,Consumer Services,Clothing/Shoe/Accessory Stores
MELR,2014,Finance,Major Banks
NTNX,2016,Technology,Computer Software: Prepackaged Software
MCRI,1993,Consumer Services,Hotels/Resorts
MSBI,2016,Finance,Major Banks
FLIR,1993,Capital Goods,Industrial Machinery/Components
YHOO,1996,Technology,EDP Services
COLM,1998,Consumer Non-Durables,Apparel
ATRA,2014,Health Care,Biotechnology: Biological Products (No Diagnostic Substances)
ACLS,2000,Technology,Industrial Machinery/Components
FBNC,1987,Finance,Major Banks
NDRM,2014,Health Care,Major Pharmaceuticals
SREV,2011,Miscellaneous,Business Services
HLIT,1995,Technology,Radio And Television Broadcasting And Communications Equipment
BCOV,2012,Technology,EDP Services
CNXR,2014,Technology,Computer Software: Prepackaged Software
GLMD,2014,Health Care,Major Pharmaceuticals
FSLR,2006,Technology,Semiconductors
OSN,2010,Basic Industries,Steel/Iron Ore
HAYN,2007,Capital Goods,Steel/Iron Ore
OREX,2007,Health Care,Major Pharmaceuticals
NERV,2014,Health Care,Major Pharmaceuticals
ATEC,2006,Health Care,Medical/Dental Instruments
CSPI,1982,Technology,EDP Services
EEFT,1997,Finance,Investment Bankers/Brokers/Service
WRLD,1991,Finance,Finance: Consumer Services
RVNC,2014,Health Care,Major Pharmaceuticals
JMU,2015,Technology,EDP Services
OBAS,1999,Finance,Real Estate
ATHN,2007,Miscellaneous,Business Services
MBII,2013,Basic Industries,Agricultural Chemicals
UBNT,2011,Technology,Radio And Television Broadcasting And Communications Equipment
GOOD,2003,Consumer Services,Real Estate
MYOK,2015,Health Care,Major Pharmaceuticals
RGNX,2015,Health Care,Biotechnology: Biological Products (No Diagnostic Substances)
SGNL,2014,Health Care,Medical Specialities
ATOS,2012,Health Care,Medical/Dental Instruments
EEI,1987,Consumer Services,Military/Government/Technical
MOSY,2001,Technology,Semiconductors
INTX,2004,Technology,EDP Services
KEYW,2010,Technology,EDP Services
ARAY,2007,Health Care,Medical/Dental Instruments
FXCM,2010,Finance,Investment Bankers/Brokers/Service
EBIO,2014,Health Care,Major Pharmaceuticals
DNKN,2011,Consumer Services,Restaurants
HDP,2014,Technology,Computer Software: Prepackaged Software
CNAT,2013,Health Care,Major Pharmaceuticals
BV,2012,Technology,Computer Software: Prepackaged Software
PSTB,2010,Finance,Major Banks
CHUY,2012,Consumer Services,Restaurants
IPGP,2006,Technology,Semiconductors
NEWS,2006,Finance,Finance: Consumer Services
BIOD,2007,Health Care,Major Pharmaceuticals
JASN,2013,Consumer Durables,Miscellaneous manufacturing industries
MBWM,1998,Finance,Major Banks
LOXO,2014,Health Care,Major Pharmaceuticals
PIH,2014,Finance,Property-Casualty Insurers
ATAI,2008,Consumer Services,Other Consumer Services
VNET,2011,Technology,"Computer Software: Programming, Data Processing"
CTMX,2015,Health Care,Major Pharmaceuticals
SPRT,2000,Technology,EDP Services
CASY,1983,Consumer Durables,Automotive Aftermarket
EXTR,1999,Technology,Computer Communications Equipment
EMMS,1994,Consumer Services,Broadcasting
CGNX,1989,Capital Goods,Industrial Machinery/Components
BVXV,2015,Health Care,Biotechnology: Biological Products (No Diagnostic Substances)
OZRK,1997,Finance,Major Banks
ANGI,2011,Consumer Services,Advertising
ICLR,1998,Health Care,Biotechnology: Commercial Physical & Biological Resarch
CARB,2011,Technology,EDP Services
XENT,2014,Health Care,Medical/Dental Instruments
MSON,1992,Capital Goods,Medical Specialities
HBK,2012,Finance,Savings Institutions
TEDU,2014,Consumer Services,Other Consumer Services
BLCM,2014,Health Care,Major Pharmaceuticals
OACQ,2015,Finance,Business Services
RESN,2014,Technology,Semiconductors
CWST,1997,Public Utilities,Environmental Services
LOCO,2014,Consumer Services,Restaurants
FLML,1996,Health Care,Major Pharmaceuticals
CALA,2014,Health Care,Major Pharmaceuticals
ENTA,2013,Health Care,Major Pharmaceuticals
SHOR,2007,Public Utilities,Telecommunications Equipment
CYTR,1986,Health Care,Biotechnology: Biological Products (No Diagnostic Substances)
ACRS,2015,Health Care,Major Pharmaceuticals
AGEN,2000,Health Care,Biotechnology: Biological Products (No Diagnostic Substances)
RUTH,2005,Consumer Services,Restaurants
MSFT,1986,Technology,Computer Software: Prepackaged Software
SALE,2013,Consumer Services,Advertising
SMMT,2015,Health Care,Major Pharmaceuticals
KNSL,2016,Finance,Property-Casualty Insurers
IMI,2011,Technology,Semiconductors
VSTM,2012,Health Care,Major Pharmaceuticals
PGTI,2006,Capital Goods,Building Products
SCVL,1993,Consumer Services,Clothing/Shoe/Accessory Stores
XBIT,2015,Health Care,Major Pharmaceuticals
NMIH,2013,Finance,Property-Casualty Insurers
MTRX,1990,Basic Industries,Engineering & Construction
MTCH,2015,Technology,"Computer Software: Programming, Data Processing"
VRA,2010,Consumer Non-Durables,Apparel
ACTS,2005,Technology,Semiconductors
OTIC,2014,Health Care,Major Pharmaceuticals
BIDU,2005,Technology,"Computer Software: Programming, Data Processing"
CAMP,1983,Technology,Radio And Television Broadcasting And Communications Equipment
NNBR,1994,Capital Goods,Metal Fabrications
LOB,2015,Finance,Major Banks
UTHR,1999,Health Care,Major Pharmaceuticals
NTRA,2015,Health Care,Medical Specialities
TSC,2013,Finance,Major Banks
SEMI,2014,Technology,Semiconductors
MCRB,2015,Health Care,Major Pharmaceuticals
CECO,1998,Consumer Services,Other Consumer Services
SPLS,1989,Consumer Services,Other Specialty Stores
INWK,2006,Consumer Durables,Containers/Packaging
DNAI,2015,Health Care,Major Pharmaceuticals
CRDS,1999,Technology,Computer peripheral equipment
AOSL,2010,Technology,Semiconductors
SCLN,1992,Health Care,Major Pharmaceuticals
LPSN,2000,Technology,Computer Software: Prepackaged Software
GNMK,2010,Health Care,Medical/Dental Instruments
LENS,2015,Health Care,Medical/Dental Instruments
REXX,2007,Energy,Oil & Gas Production
NTLA,2016,Health Care,Biotechnology: In Vitro & In Vivo Diagnostic Substances
JTPY,2011,Finance,Business Services
SPAN,1983,Health Care,Industrial Specialties
RCII,1995,Technology,Diversified Commercial Services
PRSS,2012,Consumer Services,Other Specialty Stores
BEBE,1998,Consumer Non-Durables,Apparel
BUFF,2015,Consumer Non-Durables,Packaged Foods
AMCC,1997,Technology,Semiconductors
TBIO,2000,Capital Goods,Biotechnology: Laboratory Analytical Instruments
AEHR,1997,Capital Goods,Electrical Products
PI,2016,Capital Goods,Industrial Machinery/Components
CYOU,2009,Technology,Computer Software: Prepackaged Software
PBIB,2006,Finance,Major Banks
CG,2012,Finance,Investment Managers
PRKR,1993,Technology,Radio And Television Broadcasting And Communications Equipment
CLCD,2015,Health Care,Major Pharmaceuticals
BEAT,2008,Health Care,Medical Specialities
NANO,1984,Capital Goods,Industrial Machinery/Components
ENPH,2012,Technology,Semiconductors
CBOE,2010,Finance,Investment Bankers/Brokers/Service
JSYN,2016,Finance,Business Services
STRA,1996,Consumer Services,Other Consumer Services
NWBO,2012,Health Care,Major Pharmaceuticals
AVGR,2015,Health Care,Medical/Dental Instruments
CMLS,1998,Consumer Services,Broadcasting
FTNT,2009,Technology,Computer peripheral equipment
KFRC,1995,Technology,Professional Services
IPWR,2013,Energy,Industrial Machinery/Components
PDLI,1992,Health Care,Biotechnology: Biological Products (No Diagnostic Substances)
ATLC,1995,Finance,Finance: Consumer Services
NK,2015,Health Care,Biotechnology: Biological Products (No Diagnostic Substances)
TACO,2014,Consumer Services,Restaurants
WOOF,2001,Consumer Non-Durables,Farming/Seeds/Milling
APIC,2015,Technology,Computer Software: Prepackaged Software
EDIT,2016,Health Care,Biotechnology: Biological Products (No Diagnostic Substances)
CERS,1997,Health Care,Medical/Dental Instruments
EMCI,1982,Finance,Property-Casualty Insurers
GWGH,2014,Finance,Life Insurance
AVAV,2007,Capital Goods,Aerospace
ADBE,1986,Technology,Computer Software: Prepackaged Software
NFLX,2002,Consumer Services,Consumer Electronics/Video Chains
ACPW,2000,Public Utilities,Electric Utilities: Central
ISSC,2000,Technology,EDP Services
COBZ,1998,Finance,Major Banks
QUIK,1999,Technology,Semiconductors
AVEO,2010,Health Care,Major Pharmaceuticals
GOOG,2004,Technology,"Computer Software: Programming, Data Processing"
BOJA,2015,Consumer Services,Restaurants
ZUMZ,2005,Consumer Services,Clothing/Shoe/Accessory Stores
UEPS,2005,Finance,Investment Bankers/Brokers/Service
WBKC,2011,Finance,Banks
CLNE,2007,Public Utilities,Natural Gas Distribution
IRTC,2016,Health Care,Medical/Dental Instruments
JBSS,1991,Consumer Non-Durables,Specialty Foods
CLWT,1997,Consumer Durables,Diversified Electronic Products
SCMP,2007,Health Care,Major Pharmaceuticals
SYRX,2014,Technology,EDP Services
CRSP,2016,Health Care,Biotechnology: Biological Products (No Diagnostic Substances)
NVCR,2015,Health Care,Medical/Dental Instruments
SEDG,2015,Technology,Semiconductors
AEPI,1986,Capital Goods,Specialty Chemicals
BHAC,2015,Finance,Business Services
CROX,2006,Consumer Non-Durables,Shoe Manufacturing
MKTX,2004,Finance,Investment Bankers/Brokers/Service
WEBK,2012,Finance,Banks
GSBC,1989,Finance,Major Banks
EZPW,1991,Consumer Services,Other Specialty Stores
SNSS,2005,Health Care,Major Pharmaceuticals
RDWR,1999,Miscellaneous,Business Services
ATRC,2005,Health Care,Medical/Dental Instruments
JBLU,2002,Transportation,Air Freight/Delivery Services
ALIM,2010,Health Care,Major Pharmaceuticals
WINS,2014,Finance,Finance: Consumer Services
ZG,2011,Miscellaneous,Business Services
ODFL,1991,Transportation,Trucking Freight/Courier Services
CNFR,2015,Finance,Property-Casualty Insurers
GLPG,2015,Health Care,Major Pharmaceuticals
CWAY,2014,Finance,Savings Institutions
AEGR,2010,Health Care,Major Pharmaceuticals
NTEC,2015,Health Care,Major Pharmaceuticals
TPIC,2016,Energy,Industrial Machinery/Components
UTEK,1993,Technology,Industrial Machinery/Components
NLST,2006,Technology,Semiconductors
PRCP,1992,Capital Goods,Electronic Components
COMM,2013,Technology,Radio And Television Broadcasting And Communications Equipment
CPRT,1994,Consumer Durables,Automotive Aftermarket
FRAN,2011,Consumer Services,Clothing/Shoe/Accessory Stores
BEAV,1990,Capital Goods,Military/Government/Technical
PDFS,2001,Technology,EDP Services
RRGB,2002,Consumer Services,Restaurants
ULTI,1998,Technology,Computer Software: Prepackaged Software
MFRI,1989,Capital Goods,Pollution Control Equipment
CASH,1993,Finance,Savings Institutions
QIWI,2013,Miscellaneous,Business Services
FFHL,2006,Capital Goods,Specialty Chemicals
RCON,2009,Energy,Oilfield Services/Equipment
RUN,2015,Capital Goods,Industrial Specialties
ANGO,2004,Health Care,Medical/Dental Instruments
BBBY,1992,Consumer Services,Home Furnishings
VRTU,2007,Technology,EDP Services
INOD,1993,Technology,EDP Services
FLWS,1999,Consumer Services,Other Specialty Stores
SBNY,2004,Finance,Major Banks
PRSC,2003,Consumer Services,Transportation Services
ADHD,2013,Health Care,Major Pharmaceuticals
ITRN,2005,Consumer Non-Durables,Electronic Components
LAMR,1996,Consumer Services,Real Estate Investment Trusts
TSRO,2012,Health Care,Major Pharmaceuticals
ANCB,2011,Finance,Banks
YNDX,2011,Technology,"Computer Software: Programming, Data Processing"
TEAM,2015,Technology,Computer Software: Prepackaged Software
CHMA,2015,Health Care,Major Pharmaceuticals
RPD,2015,Technology,Computer Software: Prepackaged Software
TAIT,1995,Consumer Non-Durables,Electronic Components
STLD,1996,Basic Industries,Steel/Iron Ore
LGIH,2013,Capital Goods,Homebuilding
JKHY,1985,Technology,EDP Services
APPF,2015,Technology,Computer Software: Prepackaged Software
SRCL,1996,Basic Industries,Environmental Services
SCHN,1993,Consumer Durables,Industrial Specialties
HDS,2013,Consumer Services,Office Equipment/Supplies/Services
RBCAA,1998,Finance,Major Banks
CENX,1996,Basic Industries,Aluminum
NATL,2005,Finance,Property-Casualty Insurers
FATE,2013,Health Care,Biotechnology: Biological Products (No Diagnostic Substances)
CHCI,2004,Capital Goods,Homebuilding
RTK,1991,Basic Industries,Agricultural Chemicals
PLUS,1996,Technology,Retail: Computer Software & Peripheral Equipment
LHCG,2005,Health Care,Medical/Nursing Services
MRTN,1986,Transportation,Trucking Freight/Courier Services
ASML,1995,Technology,Industrial Machinery/Components
SPNS,1992,Technology,Computer Software: Prepackaged Software
SSNC,2010,Technology,Computer Software: Prepackaged Software
MACK,2012,Health Care,Major Pharmaceuticals
PTXP,2015,Public Utilities,Natural Gas Distribution
AGNC,2008,Consumer Services,Real Estate Investment Trusts
VNDA,2006,Health Care,Major Pharmaceuticals
CATB,2015,Health Care,Major Pharmaceuticals
ENT,2011,Consumer Services,Telecommunications Equipment
SCON,1993,Technology,Radio And Television Broadcasting And Communications Equipment
DXCM,2005,Health Care,Medical/Dental Instruments
HMST,2012,Finance,Major Banks
LIFE,2015,Health Care,Biotechnology: Biological Products (No Diagnostic Substances)
XGTI,2013,Consumer Durables,Telecommunications Equipment
PRFT,1999,Technology,EDP Services
CCIH,2010,Technology,EDP Services
AMRI,1999,Health Care,Biotechnology: Commercial Physical & Biological Resarch
AVGO,2009,Technology,Semiconductors
CSGP,1998,Miscellaneous,Business Services
FENX,2015,Consumer Services,Motor Vehicles
KTEC,1993,Technology,Industrial Machinery/Components
GLBL,2015,Public Utilities,Electric Utilities: Central
CLUB,2006,Consumer Services,Hotels/Resorts
ALGN,2001,Health Care,Industrial Specialties
USAK,1992,Transportation,Trucking Freight/Courier Services
CLIR,2012,Capital Goods,Industrial Machinery/Components
ULBI,1992,Miscellaneous,Industrial Machinery/Components
SGEN,2001,Health Care,Biotechnology: Biological Products (No Diagnostic Substances)
EAC,2012,Capital Goods,Aerospace
AIMT,2015,Health Care,Major Pharmaceuticals
VIVO,1986,Health Care,Biotechnology: In Vitro & In Vivo Diagnostic Substances
CDNA,2014,Health Care,Medical Specialities
TRMB,1990,Capital Goods,Industrial Machinery/Components
THST,2013,Consumer Non-Durables,Beverages (Production/Distribution)
AFMD,2014,Health Care,Major Pharmaceuticals
SABR,2014,Technology,"Computer Software: Programming, Data Processing"
WIRE,1992,Capital Goods,Metal Fabrications
IDSY,1999,Consumer Durables,Telecommunications Equipment
WVE,2015,Health Care,Major Pharmaceuticals
JAZZ,2007,Health Care,Major Pharmaceuticals
SEIC,1981,Finance,Investment Bankers/Brokers/Service
DRYS,2005,Transportation,Marine Transportation
MGRC,1984,Technology,Diversified Commercial Services
PBSK,2011,Finance,Savings Institutions
QSII,1982,Technology,EDP Services
MMLP,2002,Energy,Oil Refining/Marketing
TCON,2015,Health Care,Biotechnology: Biological Products (No Diagnostic Substances)
BIOC,2014,Health Care,Medical Specialities
QBAK,2000,Technology,Electronic Components
ARII,2006,Capital Goods,Railroads
REPH,2014,Health Care,Major Pharmaceuticals
LAKE,1986,Health Care,Industrial Specialties
PCLN,1999,Miscellaneous,Business Services
CDW,2013,Consumer Services,Catalog/Specialty Distribution
APTI,2016,Technology,Computer Software: Prepackaged Software
MB,2015,Technology,EDP Services
NURO,2004,Health Care,Medical/Dental Instruments
FLEX,1994,Technology,Electrical Products
FORM,2003,Technology,Semiconductors
SBCP,2014,Finance,Savings Institutions
UTSI,2000,Consumer Durables,Telecommunications Equipment
IROQ,2011,Finance,Savings Institutions
USAP,1994,Basic Industries,Steel/Iron Ore
DTSI,2003,Miscellaneous,Multi-Sector Companies
CSII,1981,Health Care,Medical/Dental Instruments
AIMC,2006,Capital Goods,Industrial Machinery/Components
RKDA,2015,Basic Industries,Agricultural Chemicals
LULU,2007,Consumer Non-Durables,Apparel
MELI,2007,Miscellaneous,Business Services
DRNA,2014,Health Care,Major Pharmaceuticals
FIVN,2014,Technology,EDP Services
CELG,1987,Health Care,Major Pharmaceuticals
KTOV,2015,Health Care,Major Pharmaceuticals
FANG,2012,Energy,Oil & Gas Production
GLRE,2007,Finance,Property-Casualty Insurers
ZSAN,2015,Health Care,Major Pharmaceuticals
CRESY,1997,Finance,Real Estate
ADRO,2015,Health Care,Major Pharmaceuticals
OTEX,1996,Technology,EDP Services
TBRA,2013,Health Care,Major Pharmaceuticals
STDY,2015,Health Care,Major Pharmaceuticals
FFIV,1999,Technology,Computer Communications Equipment
RYAAY,1997,Transportation,Air Freight/Delivery Services
CPIX,2009,Health Care,Major Pharmaceuticals
FOXF,2013,Consumer Non-Durables,Motor Vehicles
RCKY,1993,Consumer Non-Durables,Shoe Manufacturing
CORT,1982,Health Care,Major Pharmaceuticals
CPLA,2006,Consumer Services,Other Consumer Services
SNHY,1997,Capital Goods,Metal Fabrications
GNVC,2000,Health Care,Major Pharmaceuticals
SBPH,2016,Health Care,Major Pharmaceuticals
ARTX,1994,Miscellaneous,Industrial Machinery/Components
KTWO,2014,Health Care,Medical/Dental Instruments
MRAM,2016,Technology,Semiconductors
TRS,2007,Capital Goods,Industrial Specialties
ANSS,1996,Technology,Computer Software: Prepackaged Software
SPLK,2012,Technology,Computer Software: Prepackaged Software
EDAP,1997,Health Care,Biotechnology: Electromedical & Electrotherapeutic Apparatus
MTGE,2011,Consumer Services,Real Estate Investment Trusts
PLSE,2016,Health Care,Medical/Dental Instruments
INAP,1999,Technology,"Computer Software: Programming, Data Processing"
EGAN,1999,Technology,Computer Software: Prepackaged Software
INSY,2013,Health Care,Major Pharmaceuticals
AGLE,2016,Health Care,Major Pharmaceuticals
BASI,1997,Health Care,Biotechnology: Commercial Physical & Biological Resarch
PACB,2010,Capital Goods,Biotechnology: Laboratory Analytical Instruments
RELL,1983,Consumer Non-Durables,Electronic Components
WBB,2013,Finance,Major Banks
PXLW,2000,Technology,Semiconductors
MRVC,1992,Technology,Semiconductors
RNDB,2016,Finance,Major Banks
TGEN,2014,Capital Goods,Industrial Machinery/Components
IPHS,2006,Consumer Durables,Specialty Chemicals
WING,2015,Consumer Services,Restaurants
GIGA,1983,Capital Goods,Electrical Products
ALKS,1991,Health Care,Major Pharmaceuticals
SHLM,1972,Basic Industries,Major Chemicals
FINL,1992,Consumer Services,Clothing/Shoe/Accessory Stores
COVS,2013,Technology,EDP Services
ALDX,2014,Health Care,Major Pharmaceuticals
KANG,2014,Health Care,Medical/Nursing Services
AMPH,2014,Health Care,Major Pharmaceuticals
CFNL,1998,Finance,Major Banks
IMKTA,1987,Consumer Services,Food Chains
VASC,2000,Health Care,Medical/Dental Instruments
GRVY,2005,Miscellaneous,Business Services
TSCO,1994,Consumer Services,RETAIL: Building Materials
ALSK,1999,Public Utilities,Telecommunications Equipment
VRSN,1998,Technology,EDP Services
MTBC,2014,Technology,Computer Software: Prepackaged Software
CSIQ,2006,Technology,Semiconductors
NCLH,2013,Consumer Services,Marine Transportation
MGNX,2013,Health Care,Major Pharmaceuticals
DBVT,2014,Health Care,Biotechnology: Biological Products (No Diagnostic Substances)
SRTS,2016,Health Care,Medical/Dental Instruments
TYPE,2007,Technology,EDP Services
HIMX,2006,Technology,Semiconductors
DLTH,2015,Consumer Services,Clothing/Shoe/Accessory Stores
KTCC,1983,Technology,Computer peripheral equipment
FSBW,2012,Finance,Banks
XNCR,2013,Health Care,Major Pharmaceuticals
SCYX,2014,Health Care,Major Pharmaceuticals
ARIS,1991,Technology,"Computer Software: Programming, Data Processing"
ARDM,1996,Health Care,Biotechnology: Electromedical & Electrotherapeutic Apparatus
VECO,1994,Technology,Industrial Machinery/Components
JRJC,2004,Finance,Investment Bankers/Brokers/Service
ACIU,2016,Health Care,Major Pharmaceuticals
HSTM,2000,Technology,"Computer Software: Programming, Data Processing"
ICFI,2006,Consumer Services,Professional Services
ARRY,2000,Health Care,Major Pharmaceuticals
NCMI,2007,Consumer Services,Advertising
SNPS,1992,Technology,Computer Software: Prepackaged Software
JOBS,2004,Technology,Diversified Commercial Services
IBTX,2013,Finance,Major Banks
EIGR,2014,Health Care,Biotechnology: Biological Products (No Diagnostic Substances)
HIBB,1996,Consumer Services,Other Specialty Stores
HWCC,2006,Consumer Non-Durables,Telecommunications Equipment
NBRV,2015,Health Care,Major Pharmaceuticals
ABIL,2014,Finance,Business Services
DWCH,1992,Technology,Computer Software: Prepackaged Software
GOGO,2013,Consumer Services,Telecommunications Equipment
ADTN,1994,Public Utilities,Telecommunications Equipment
BRKS,1995,Technology,Industrial Machinery/Components
ACHN,2006,Health Care,Major Pharmaceuticals
RSTI,1996,Miscellaneous,Industrial Machinery/Components
SCWX,2016,Technology,Computer Software: Prepackaged Software
LMNX,2000,Health Care,Medical/Dental Instruments
PANL,1996,Transportation,Marine Transportation
MCEP,2011,Energy,Oil & Gas Production
EPAY,1999,Technology,Computer Software: Prepackaged Software
ZFGN,2014,Health Care,Major Pharmaceuticals
GRMN,2000,Capital Goods,Industrial Machinery/Components
CYAD,2015,Health Care,Major Pharmaceuticals
SYNC,2012,Technology,"Computer Software: Programming, Data Processing"
AIQ,2001,Health Care,Medical Specialities
GEMP,2016,Health Care,Major Pharmaceuticals
APOL,1994,Consumer Services,Other Consumer Services
PRGX,1996,Consumer Services,Diversified Commercial Services
PCTI,1999,Technology,Radio And Television Broadcasting And Communications Equipment
GSUM,2016,Technology,Computer Software: Prepackaged Software
CPRX,2006,Health Care,Major Pharmaceuticals
STFC,1991,Finance,Property-Casualty Insurers
ONS,2016,Health Care,Biotechnology: Biological Products (No Diagnostic Substances)
AAAP,2015,Health Care,Major Pharmaceuticals
AERI,2013,Health Care,Biotechnology: Biological Products (No Diagnostic Substances)
FLKS,2015,Health Care,Major Pharmaceuticals
MRCY,1998,Capital Goods,Electrical Products
RGEN,1986,Health Care,Biotechnology: Biological Products (No Diagnostic Substances)
SEAC,1996,Technology,Radio And Television Broadcasting And Communications Equipment
SGRY,2015,Health Care,Hospital/Nursing Management
WYNN,2002,Consumer Services,Hotels/Resorts
ENSG,2007,Health Care,Hospital/Nursing Management
MSDI,2016,Technology,Electronic Components
XXIA,2000,Capital Goods,Electrical Products
GILD,1992,Health Care,Biotechnology: Biological Products (No Diagnostic Substances)
MTSL,1997,Public Utilities,Telecommunications Equipment
ELTK,1997,Technology,Electrical Products
LGCY,2007,Energy,Oil & Gas Production
UEIC,1993,Consumer Non-Durables,Consumer Electronics/Appliances
TESS,1994,Consumer Non-Durables,Electronic Components
CHRW,1997,Transportation,Oil Refining/Marketing
PAHC,2014,Health Care,Major Pharmaceuticals
IDXX,1991,Health Care,Biotechnology: In Vitro & In Vivo Diagnostic Substances
ASBB,2011,Finance,Savings Institutions
QCOM,1991,Technology,Radio And Television Broadcasting And Communications Equipment
GHDX,2005,Health Care,Medical Specialities
AMSC,1991,Consumer Durables,Metal Fabrications